folder,model,param,run,solver,policy,SolverTotalTime,TabulationTime,SavileRowClauseOut,SolverSolveTime,SavileRowTotalTime,SolverSatisfiable,SavileRowTimeOut,SolverNodes,SolverTimeOut,SolverSolutionsFound,SolverSetupTime,SolverMemOut,SATClauses,SATVars,SolverFailures
nlink-4,nlink-opt-4,opt.12,4,minion,tabnolim,0.132315,0.119,0,0.002367,0.46,1,0,67,0,6,0.008981,,,,
nlink-4,nlink-opt-4,opt.12,3,kissat,tabnolim,0.36,0.447,0,,2.977,1,0,1082.0,0,,,0,642640,128556,
nlink-4,nlink-opt-4,opt.15,1,kissmdd,notab,0.24000000000000002,,0,,0.749,1,0,39449.0,0,,,0,11099,1526,
nlink-4,nlink-opt-4,opt.12,1,ortools,tab,2.809,0.121,0,,0.636,1,0,,0,,,,,,32
nlink-4,nlink-opt-4,opt.12,3,kissat,tab,0.36,0.234,0,,3.134,1,0,1082.0,0,,,0,642640,128556,
nlink-4,nlink-opt-4,opt.15,2,kissat,tabnolim,1.08,0.158,0,,1.414,1,0,642.0,0,,,0,2069922,413993,
nlink-4,nlink-opt-4,opt.15,1,chuffed,tabnolim,1.440,0.316,0,,2.295,1,0,253,0,,,,,,192
nlink-4,nlink-opt-4,opt.12,2,kissat,tabnolim,0.36,0.082,0,,0.94,1,0,1082.0,0,,,0,642640,128556,
nlink-4,nlink-opt-4,opt.15,3,ortools,tabnolim,6.013,0.254,0,,1.516,1,0,,0,,,,,,103
nlink-4,nlink-opt-4,opt.15,5,gecode,tab,0.356,0.04,0,,0.382,1,0,18445,0,,,,,,9211
nlink-4,nlink-opt-4,opt.15,4,ortools,notab,0.456,,0,,0.214,1,0,,0,,,,,,3513
nlink-4,nlink-opt-4,opt.15,5,kissat,notab,0.24000000000000002,,0,,0.875,1,0,40951.0,0,,,0,11099,1526,
nlink-4,nlink-opt-4,opt.15,1,gecode,tab,0.192,0.062,0,,0.304,1,0,18445,0,,,,,,9211
nlink-4,nlink-opt-4,opt.15,4,kissat,tabnolim,1.05,0.249,0,,1.481,1,0,642.0,0,,,0,2069922,413993,
nlink-4,nlink-opt-4,opt.12,3,ortools,notab,0.421,,0,,0.183,1,0,,0,,,,,,1875
nlink-4,nlink-opt-4,opt.12,2,chuffed,tab,0.136,0.063,0,,0.425,1,0,69,0,,,,,,31
nlink-4,nlink-opt-4,opt.15,1,kissmdd,tab,3.4200000000000004,0.076,0,,1.414,1,0,138383.0,0,,,0,158666,26681,
nlink-4,nlink-opt-4,opt.15,4,kissat,notab,0.21000000000000002,,0,,0.617,1,0,35662.0,0,,,0,11099,1526,
nlink-4,nlink-opt-4,opt.12,2,kissmdd,tabnolim,0.18,0.081,0,,2.597,1,0,2012.0,0,,,0,319678,1098,
nlink-4,nlink-opt-4,opt.12,1,kissmdd,tab,0.18,0.735,0,,5.844,1,0,2012.0,0,,,0,319678,1098,
nlink-4,nlink-opt-4,opt.15,4,ortools,tab,22.038,0.039,0,,1.399,1,0,,0,,,,,,94
nlink-4,nlink-opt-4,opt.12,2,gecode,tab,0.313,0.157,0,,0.858,1,0,110,0,,,,,,47
nlink-4,nlink-opt-4,opt.12,5,kissat,tabnolim,0.42,0.38,0,,3.7,1,0,1082.0,0,,,0,642640,128556,
nlink-4,nlink-opt-4,opt.12,2,kissmdd,tab,0.16,0.069,0,,0.923,1,0,2012.0,0,,,0,319678,1098,
nlink-4,nlink-opt-4,opt.12,2,chuffed,notab,0.097,,0,,0.306,1,0,1614,0,,,,,,1497
nlink-4,nlink-opt-4,opt.15,2,ortools,tab,23.516,0.064,0,,0.984,1,0,,0,,,,,,94
nlink-4,nlink-opt-4,opt.12,1,minion,tab,0.158153,0.077,0,0.003436,0.454,1,0,67,0,6,0.010494,,,,
nlink-4,nlink-opt-4,opt.15,5,gecode,notab,1.276,,0,,0.313,1,0,236304,0,,,,,,118143
nlink-4,nlink-opt-4,opt.12,5,chuffed,tabnolim,0.174,0.088,0,,0.463,1,0,69,0,,,,,,31
nlink-4,nlink-opt-4,opt.12,5,kissmdd,tabnolim,0.16999999999999998,0.073,0,,0.922,1,0,2012.0,0,,,0,319678,1098,
nlink-4,nlink-opt-4,opt.15,1,kissat,notab,0.24000000000000002,,0,,0.639,1,0,39449.0,0,,,0,11099,1526,
nlink-4,nlink-opt-4,opt.12,1,kissat,notab,0.06,,0,,0.553,1,0,9179.0,0,,,0,6138,989,
nlink-4,nlink-opt-4,opt.15,3,kissmdd,notab,0.19000000000000003,,0,,0.714,1,0,29884.0,0,,,0,11099,1526,
nlink-4,nlink-opt-4,opt.15,5,chuffed,tabnolim,1.138,0.225,0,,1.58,1,0,253,0,,,,,,192
nlink-4,nlink-opt-4,opt.15,3,kissat,tab,1.63,0.024,0,,0.889,1,0,94804.0,0,,,0,158666,26681,
nlink-4,nlink-opt-4,opt.15,3,kissat,tabnolim,1.04,0.142,0,,1.351,1,0,642.0,0,,,0,2069922,413993,
nlink-4,nlink-opt-4,opt.15,2,ortools,notab,0.606,,0,,0.308,1,0,,0,,,,,,3513
nlink-4,nlink-opt-4,opt.15,5,ortools,tab,19.424,0.044,0,,0.818,1,0,,0,,,,,,94
nlink-4,nlink-opt-4,opt.15,4,ortools,tabnolim,5.707,0.107,0,,0.652,1,0,,0,,,,,,103
nlink-4,nlink-opt-4,opt.15,3,ortools,notab,0.494,,0,,0.215,1,0,,0,,,,,,3513
nlink-4,nlink-opt-4,opt.15,1,minion,tabnolim,0.330149,0.233,0,0.017901,0.886,1,0,330,0,7,0.019329,,,,
nlink-4,nlink-opt-4,opt.15,4,minion,tabnolim,0.387411,0.155,0,0.020992,0.666,1,0,330,0,7,0.026509,,,,
nlink-4,nlink-opt-4,opt.15,2,chuffed,tab,2.778,0.089,0,,2.351,1,0,945,0,,,,,,843
nlink-4,nlink-opt-4,opt.15,2,gecode,tabnolim,0.668,0.157,0,,0.948,1,0,617,0,,,,,,296
nlink-4,nlink-opt-4,opt.12,1,gecode,tabnolim,0.244,0.195,0,,2.054,1,0,110,0,,,,,,47
nlink-4,nlink-opt-4,opt.12,3,ortools,tab,2.412,0.057,0,,0.956,1,0,,0,,,,,,32
nlink-4,nlink-opt-4,opt.15,1,kissmdd,tabnolim,0.47,0.241,0,,5.19,1,0,4826.0,0,,,0,985906,1785,
nlink-4,nlink-opt-4,opt.12,4,kissmdd,tab,0.18,0.113,0,,2.559,1,0,2012.0,0,,,0,319678,1098,
nlink-4,nlink-opt-4,opt.12,4,chuffed,notab,0.091,,0,,0.399,1,0,1614,0,,,,,,1497
nlink-4,nlink-opt-4,opt.15,5,kissmdd,tab,2.0,0.043,0,,1.089,1,0,82588.0,0,,,0,158666,26681,
nlink-4,nlink-opt-4,opt.12,3,chuffed,tabnolim,0.162,0.169,0,,0.961,1,0,69,0,,,,,,31
nlink-4,nlink-opt-4,opt.15,3,gecode,tabnolim,0.501,0.457,0,,2.317,1,0,617,0,,,,,,296
nlink-4,nlink-opt-4,opt.12,5,ortools,tab,2.52,0.207,0,,0.843,1,0,,0,,,,,,32
nlink-4,nlink-opt-4,opt.15,4,chuffed,notab,1.495,,0,,0.413,1,0,9593,0,,,,,,9290
nlink-4,nlink-opt-4,opt.15,1,gecode,notab,0.971,,0,,0.231,1,0,236304,0,,,,,,118143
nlink-4,nlink-opt-4,opt.15,2,minion,notab,0.999539,,0,0.998527,0.212,1,0,201743,0,7,0.000305,,,,
nlink-4,nlink-opt-4,opt.15,3,minion,notab,0.992888,,0,0.99289,0.178,1,0,201743,0,7,0,,,,
nlink-4,nlink-opt-4,opt.15,3,kissat,notab,0.23,,0,,0.896,1,0,29884.0,0,,,0,11099,1526,
nlink-4,nlink-opt-4,opt.12,5,gecode,tab,0.144,0.174,0,,0.715,1,0,110,0,,,,,,47
nlink-4,nlink-opt-4,opt.12,3,kissmdd,tabnolim,0.25,0.112,0,,1.596,1,0,2012.0,0,,,0,319678,1098,
nlink-4,nlink-opt-4,opt.12,4,gecode,tabnolim,0.602,0.409,0,,1.519,1,0,110,0,,,,,,47
nlink-4,nlink-opt-4,opt.15,1,chuffed,notab,1.404,,0,,0.903,1,0,9593,0,,,,,,9290
nlink-4,nlink-opt-4,opt.12,3,chuffed,tab,0.169,0.107,0,,0.479,1,0,69,0,,,,,,31
nlink-4,nlink-opt-4,opt.15,2,kissat,tab,1.9900000000000002,0.086,0,,1.587,1,0,231188.0,0,,,0,158666,26681,
nlink-4,nlink-opt-4,opt.15,2,minion,tabnolim,0.3658,0.346,0,0.01863,1.642,1,0,330,0,7,0.024616,,,,
nlink-4,nlink-opt-4,opt.15,1,kissat,tab,2.41,0.042,0,,1.087,1,0,138383.0,0,,,0,158666,26681,
nlink-4,nlink-opt-4,opt.12,3,gecode,notab,0.289,,0,,0.206,1,0,44094,0,,,,,,22040
nlink-4,nlink-opt-4,opt.12,4,ortools,notab,0.368,,0,,0.601,1,0,,0,,,,,,1875
nlink-4,nlink-opt-4,opt.15,2,kissmdd,notab,0.24000000000000002,,0,,0.814,1,0,35188.0,0,,,0,11099,1526,
nlink-4,nlink-opt-4,opt.12,5,ortools,notab,0.225,,0,,0.153,1,0,,0,,,,,,1875
nlink-4,nlink-opt-4,opt.12,4,kissmdd,tabnolim,0.16999999999999998,0.3,0,,1.699,1,0,2012.0,0,,,0,319678,1098,
nlink-4,nlink-opt-4,opt.12,4,kissat,notab,0.07,,0,,0.593,1,0,11265.0,0,,,0,6138,989,
nlink-4,nlink-opt-4,opt.15,2,gecode,tab,0.292,0.062,0,,0.319,1,0,18445,0,,,,,,9211
nlink-4,nlink-opt-4,opt.12,4,chuffed,tabnolim,0.167,0.074,0,,1.034,1,0,69,0,,,,,,31
nlink-4,nlink-opt-4,opt.15,3,kissmdd,tabnolim,0.44999999999999996,0.304,0,,5.422,1,0,3804.0,0,,,0,985906,1785,
nlink-4,nlink-opt-4,opt.12,2,ortools,notab,1.79,,0,,0.282,1,0,,0,,,,,,1875
nlink-4,nlink-opt-4,opt.12,1,kissat,tab,0.41,0.332,0,,5.334,1,0,1082.0,0,,,0,642640,128556,
nlink-4,nlink-opt-4,opt.12,5,minion,tab,0.129028,0.074,0,0.002295,0.375,1,0,67,0,6,0.008926,,,,
nlink-4,nlink-opt-4,opt.15,1,ortools,tab,18.306,0.09,0,,2.018,1,0,,0,,,,,,94
nlink-4,nlink-opt-4,opt.12,3,minion,tabnolim,0.163718,0.128,0,0.00267,0.615,1,0,67,0,6,0.010949,,,,
nlink-4,nlink-opt-4,opt.15,2,kissmdd,tabnolim,0.44999999999999996,0.15,0,,1.772,1,0,3962.0,0,,,0,985906,1785,
nlink-4,nlink-opt-4,opt.12,1,minion,notab,0.149352,,0,0.148733,0.146,1,0,34079,0,6,0.000311,,,,
nlink-4,nlink-opt-4,opt.12,3,minion,tab,0.157941,0.066,0,0.002931,0.467,1,0,67,0,6,0.009726,,,,
nlink-4,nlink-opt-4,opt.12,2,minion,notab,0.175887,,0,0.175511,0.273,1,0,34079,0,6,0.000153,,,,
nlink-4,nlink-opt-4,opt.12,2,ortools,tabnolim,2.228,0.031,0,,0.615,1,0,,0,,,,,,32
nlink-4,nlink-opt-4,opt.12,4,kissat,tab,0.41,0.807,0,,5.143,1,0,1082.0,0,,,0,642640,128556,
nlink-4,nlink-opt-4,opt.15,5,chuffed,notab,1.282,,0,,0.346,1,0,9593,0,,,,,,9290
nlink-4,nlink-opt-4,opt.12,4,ortools,tabnolim,2.529,0.741,0,,2.486,1,0,,0,,,,,,32
nlink-4,nlink-opt-4,opt.12,5,gecode,notab,0.306,,0,,0.285,1,0,44094,0,,,,,,22040
nlink-4,nlink-opt-4,opt.12,4,kissmdd,notab,0.08,,0,,0.699,1,0,11265.0,0,,,0,6138,989,
nlink-4,nlink-opt-4,opt.15,2,kissat,notab,0.22000000000000003,,0,,0.751,1,0,35188.0,0,,,0,11099,1526,
nlink-4,nlink-opt-4,opt.15,5,kissmdd,notab,0.24000000000000002,,0,,0.55,1,0,40951.0,0,,,0,11099,1526,
nlink-4,nlink-opt-4,opt.15,5,ortools,notab,0.585,,0,,0.221,1,0,,0,,,,,,3513
nlink-4,nlink-opt-4,opt.12,3,kissmdd,notab,0.06,,0,,0.405,1,0,9615.0,0,,,0,6138,989,
nlink-4,nlink-opt-4,opt.12,3,minion,notab,0.1507,,0,0.149374,0.155,1,0,34079,0,6,0.000318,,,,
nlink-4,nlink-opt-4,opt.12,5,kissmdd,notab,0.08,,0,,0.736,1,0,10180.0,0,,,0,6138,989,
nlink-4,nlink-opt-4,opt.15,1,minion,tab,0.272286,0.051,0,0.250613,0.371,1,0,9242,0,7,0.001875,,,,
nlink-4,nlink-opt-4,opt.12,3,kissmdd,tab,0.16999999999999998,0.511,0,,2.396,1,0,2012.0,0,,,0,319678,1098,
nlink-4,nlink-opt-4,opt.15,3,gecode,tab,0.338,0.077,0,,0.311,1,0,18445,0,,,,,,9211
nlink-4,nlink-opt-4,opt.12,4,minion,notab,0.149069,,0,0.147951,0.121,1,0,34079,0,6,0.000282,,,,
nlink-4,nlink-opt-4,opt.12,4,chuffed,tab,0.145,0.09,0,,0.468,1,0,69,0,,,,,,31
nlink-4,nlink-opt-4,opt.12,2,minion,tabnolim,0.152918,0.054,0,0.002632,0.457,1,0,67,0,6,0.009275,,,,
nlink-4,nlink-opt-4,opt.15,4,kissmdd,notab,0.21000000000000002,,0,,0.667,1,0,35662.0,0,,,0,11099,1526,
nlink-4,nlink-opt-4,opt.15,5,minion,tabnolim,0.387318,0.14,0,0.017859,0.719,1,0,330,0,7,0.022824,,,,
nlink-4,nlink-opt-4,opt.12,2,ortools,tab,2.631,0.078,0,,0.78,1,0,,0,,,,,,32
nlink-4,nlink-opt-4,opt.12,2,minion,tab,0.186693,0.129,0,0.004678,0.654,1,0,67,0,6,0.013439,,,,
nlink-4,nlink-opt-4,opt.12,1,minion,tabnolim,0.147264,0.589,0,0.002701,1.83,1,0,67,0,6,0.008773,,,,
nlink-4,nlink-opt-4,opt.15,3,chuffed,tab,2.917,0.042,0,,0.784,1,0,945,0,,,,,,843
nlink-4,nlink-opt-4,opt.15,1,chuffed,tab,2.845,0.127,0,,1.008,1,0,945,0,,,,,,843
nlink-4,nlink-opt-4,opt.15,5,chuffed,tab,2.891,0.053,0,,2.113,1,0,945,0,,,,,,843
nlink-4,nlink-opt-4,opt.15,5,kissat,tabnolim,1.3,0.204,0,,1.874,1,0,642.0,0,,,0,2069922,413993,
nlink-4,nlink-opt-4,opt.15,2,ortools,tabnolim,5.983,0.227,0,,1.045,1,0,,0,,,,,,103
nlink-4,nlink-opt-4,opt.12,3,gecode,tab,0.215,0.072,0,,0.493,1,0,110,0,,,,,,47
nlink-4,nlink-opt-4,opt.15,4,kissmdd,tab,1.8800000000000001,0.108,0,,0.896,1,0,201696.0,0,,,0,158666,26681,
nlink-4,nlink-opt-4,opt.15,2,chuffed,notab,1.156,,0,,0.299,1,0,9593,0,,,,,,9290
nlink-4,nlink-opt-4,opt.15,4,gecode,tab,0.338,0.313,0,,0.833,1,0,18445,0,,,,,,9211
nlink-4,nlink-opt-4,opt.15,5,ortools,tabnolim,6.988,0.184,0,,0.969,1,0,,0,,,,,,103
nlink-4,nlink-opt-4,opt.12,3,ortools,tabnolim,2.122,0.097,0,,0.488,1,0,,0,,,,,,32
nlink-4,nlink-opt-4,opt.15,2,kissmdd,tab,2.1,0.08,0,,1.75,1,0,231188.0,0,,,0,158666,26681,
nlink-4,nlink-opt-4,opt.12,1,chuffed,tab,0.138,0.055,0,,0.39,1,0,69,0,,,,,,31
nlink-4,nlink-opt-4,opt.15,3,minion,tab,0.260479,0.043,0,0.240705,0.342,1,0,9242,0,7,0.001949,,,,
nlink-4,nlink-opt-4,opt.15,1,gecode,tabnolim,0.786,0.28,0,,1.539,1,0,617,0,,,,,,296
nlink-4,nlink-opt-4,opt.15,4,gecode,tabnolim,0.542,0.136,0,,0.786,1,0,617,0,,,,,,296
nlink-4,nlink-opt-4,opt.12,4,gecode,notab,0.189,,0,,0.154,1,0,44094,0,,,,,,22040
nlink-4,nlink-opt-4,opt.12,1,kissmdd,tabnolim,0.16999999999999998,0.194,0,,2.189,1,0,2012.0,0,,,0,319678,1098,
nlink-4,nlink-opt-4,opt.15,4,minion,notab,1.18006,,0,1.17758,0.373,1,0,201743,0,7,0.000481,,,,
nlink-4,nlink-opt-4,opt.15,5,kissat,tab,1.6,0.036,0,,0.893,1,0,82588.0,0,,,0,158666,26681,
nlink-4,nlink-opt-4,opt.12,1,ortools,notab,0.243,,0,,0.213,1,0,,0,,,,,,1875
nlink-4,nlink-opt-4,opt.12,2,gecode,tabnolim,0.22,0.076,0,,0.437,1,0,110,0,,,,,,47
nlink-4,nlink-opt-4,opt.15,1,ortools,notab,0.406,,0,,0.222,1,0,,0,,,,,,3513
nlink-4,nlink-opt-4,opt.12,1,gecode,notab,0.384,,0,,0.14,1,0,44094,0,,,,,,22040
nlink-4,nlink-opt-4,opt.15,1,minion,notab,1.17059,,0,1.16837,0.302,1,0,201743,0,7,0.000497,,,,
nlink-4,nlink-opt-4,opt.12,5,kissat,tab,0.35,0.101,0,,2.02,1,0,1082.0,0,,,0,642640,128556,
nlink-4,nlink-opt-4,opt.12,1,chuffed,tabnolim,0.160,0.082,0,,0.521,1,0,69,0,,,,,,31
nlink-4,nlink-opt-4,opt.15,3,gecode,notab,1.226,,0,,0.335,1,0,236304,0,,,,,,118143
nlink-4,nlink-opt-4,opt.12,5,gecode,tabnolim,0.23,0.67,0,,2.48,1,0,110,0,,,,,,47
nlink-4,nlink-opt-4,opt.15,3,ortools,tab,18.364,0.207,0,,3.408,1,0,,0,,,,,,94
nlink-4,nlink-opt-4,opt.12,5,ortools,tabnolim,2.276,0.212,0,,0.852,1,0,,0,,,,,,32
nlink-4,nlink-opt-4,opt.15,2,chuffed,tabnolim,1.143,0.399,0,,1.492,1,0,253,0,,,,,,192
nlink-4,nlink-opt-4,opt.15,4,chuffed,tab,3.218,0.102,0,,3.68,1,0,945,0,,,,,,843
nlink-4,nlink-opt-4,opt.15,5,minion,notab,0.995461,,0,0.995202,0.192,1,0,201743,0,7,0.00011,,,,
nlink-4,nlink-opt-4,opt.15,5,gecode,tabnolim,0.466,0.269,0,,1.927,1,0,617,0,,,,,,296
nlink-4,nlink-opt-4,opt.12,1,ortools,tabnolim,2.199,0.084,0,,0.586,1,0,,0,,,,,,32
nlink-4,nlink-opt-4,opt.15,3,chuffed,notab,1.093,,0,,0.223,1,0,9593,0,,,,,,9290
nlink-4,nlink-opt-4,opt.12,1,chuffed,notab,0.088,,0,,0.334,1,0,1614,0,,,,,,1497
nlink-4,nlink-opt-4,opt.15,4,kissat,tab,2.4200000000000004,0.065,0,,1.298,1,0,201696.0,0,,,0,158666,26681,
nlink-4,nlink-opt-4,opt.12,3,gecode,tabnolim,0.209,0.06,0,,0.567,1,0,110,0,,,,,,47
nlink-4,nlink-opt-4,opt.12,4,gecode,tab,0.193,0.098,0,,0.733,1,0,110,0,,,,,,47
nlink-4,nlink-opt-4,opt.12,2,chuffed,tabnolim,0.151,0.121,0,,0.732,1,0,69,0,,,,,,31
nlink-4,nlink-opt-4,opt.15,3,kissmdd,tab,1.72,0.053,0,,1.158,1,0,94804.0,0,,,0,158666,26681,
nlink-4,nlink-opt-4,opt.15,4,kissmdd,tabnolim,0.53,0.372,0,,6.249,1,0,4366.0,0,,,0,985906,1785,
nlink-4,nlink-opt-4,opt.12,4,minion,tab,0.154712,0.1,0,0.003136,0.651,1,0,67,0,6,0.01167,,,,
nlink-4,nlink-opt-4,opt.12,3,chuffed,notab,0.072,,0,,0.248,1,0,1614,0,,,,,,1497
nlink-4,nlink-opt-4,opt.12,2,kissat,notab,0.07,,0,,0.649,1,0,9676.0,0,,,0,6138,989,
nlink-4,nlink-opt-4,opt.15,1,ortools,tabnolim,8.184,0.293,0,,1.297,1,0,,0,,,,,,103
nlink-4,nlink-opt-4,opt.12,2,kissmdd,notab,0.05,,0,,0.451,1,0,9676.0,0,,,0,6138,989,
nlink-4,nlink-opt-4,opt.15,2,minion,tab,0.260748,0.559,0,0.239977,1.063,1,0,9242,0,7,0.002074,,,,
nlink-4,nlink-opt-4,opt.12,3,kissat,notab,0.08,,0,,0.74,1,0,9615.0,0,,,0,6138,989,
nlink-4,nlink-opt-4,opt.12,5,kissmdd,tab,0.15000000000000002,0.045,0,,1.032,1,0,2012.0,0,,,0,319678,1098,
nlink-4,nlink-opt-4,opt.12,5,chuffed,notab,0.086,,0,,0.37,1,0,1614,0,,,,,,1497
nlink-4,nlink-opt-4,opt.15,4,gecode,notab,1.164,,0,,0.451,1,0,236304,0,,,,,,118143
nlink-4,nlink-opt-4,opt.12,1,kissat,tabnolim,0.36,0.073,0,,1.093,1,0,1082.0,0,,,0,642640,128556,
nlink-4,nlink-opt-4,opt.15,5,minion,tab,0.224612,0.047,0,0.206954,0.26,1,0,9242,0,7,0.001689,,,,
nlink-4,nlink-opt-4,opt.12,5,minion,tabnolim,0.129814,0.135,0,0.002293,0.475,1,0,67,0,6,0.009973,,,,
nlink-4,nlink-opt-4,opt.12,4,kissat,tabnolim,0.39,0.161,0,,2.605,1,0,1082.0,0,,,0,642640,128556,
nlink-4,nlink-opt-4,opt.12,2,kissat,tab,0.37,0.071,0,,1.154,1,0,1082.0,0,,,0,642640,128556,
nlink-4,nlink-opt-4,opt.12,5,minion,notab,0.15537,,0,0.154223,0.191,1,0,34079,0,6,0.00038,,,,
nlink-4,nlink-opt-4,opt.15,2,gecode,notab,1.01,,0,,0.205,1,0,236304,0,,,,,,118143
nlink-4,nlink-opt-4,opt.15,4,chuffed,tabnolim,2.034,0.223,0,,1.083,1,0,253,0,,,,,,192
nlink-4,nlink-opt-4,opt.12,1,kissmdd,notab,0.07,,0,,1.676,1,0,9179.0,0,,,0,6138,989,
nlink-4,nlink-opt-4,opt.12,1,gecode,tab,0.133,0.057,0,,0.517,1,0,110,0,,,,,,47
nlink-4,nlink-opt-4,opt.15,5,kissmdd,tabnolim,0.45999999999999996,0.166,0,,1.742,1,0,4264.0,0,,,0,985906,1785,
nlink-4,nlink-opt-4,opt.15,3,chuffed,tabnolim,1.227,0.197,0,,0.823,1,0,253,0,,,,,,192
nlink-4,nlink-opt-4,opt.12,2,gecode,notab,1.168,,0,,0.662,1,0,44094,0,,,,,,22040
nlink-4,nlink-opt-4,opt.12,5,kissat,notab,0.07,,0,,0.468,1,0,10180.0,0,,,0,6138,989,
nlink-4,nlink-opt-4,opt.12,4,ortools,tab,2.556,0.07,0,,0.557,1,0,,0,,,,,,32
nlink-4,nlink-opt-4,opt.15,1,kissat,tabnolim,1.1500000000000001,0.519,0,,5.318,1,0,642.0,0,,,0,2069922,413993,
nlink-4,nlink-opt-4,opt.12,5,chuffed,tab,0.140,0.056,0,,0.528,1,0,69,0,,,,,,31
nlink-4,nlink-opt-4,opt.15,4,minion,tab,0.220791,0.051,0,0.206272,0.283,1,0,9242,0,7,0.001496,,,,
nlink-4,nlink-opt-4,opt.15,3,minion,tabnolim,0.339444,0.774,0,0.019183,1.693,1,0,330,0,7,0.022557,,,,
nlink-6,nlink-opt-6,opt.15,4,gecode,tabnolim,241.188,14.324,0,,36.939,0,0,0,0,,,,,,0
nlink-6,nlink-opt-6,opt.12,5,gecode,tabnolim,70.111,8.38,0,,14.169,1,0,48,0,,,,,,16
nlink-6,nlink-opt-6,opt.12,1,kissat,tabnolim,88.04,4.366,0,,28.459,1,0,2402.0,0,,,0,125521444,17931732,
nlink-6,nlink-opt-6,opt.15,4,ortools,tab,2.362,0.086,0,,0.601,1,0,,0,,,,,,107
nlink-6,nlink-opt-6,opt.15,2,chuffed,tab,0.023,0.074,0,,0.427,1,0,644,0,,,,,,553
nlink-6,nlink-opt-6,opt.12,1,minion,notab,0.173429,,0,0.173432,0.151,1,0,33876,0,6,0,,,,
nlink-6,nlink-opt-6,opt.12,4,gecode,tabnolim,54.091,6.742,0,,12.171,1,0,48,0,,,,,,16
nlink-6,nlink-opt-6,opt.12,2,gecode,notab,0.326,,0,,0.202,1,0,44094,0,,,,,,22040
nlink-6,nlink-opt-6,opt.15,5,kissmdd,tabnolim,119.15,14.577,0,,87.244,1,0,13158.0,0,,,0,208835636,6161,
nlink-6,nlink-opt-6,opt.12,5,kissmdd,tabnolim,17.75,3.075,0,,17.018,1,0,3241.0,0,,,0,42527494,3012,
nlink-6,nlink-opt-6,opt.12,4,minion,notab,0.174771,,0,0.174288,0.211,1,0,33876,0,6,0,,,,
nlink-6,nlink-opt-6,opt.15,3,chuffed,tab,0.023,0.006,0,,0.297,1,0,644,0,,,,,,553
nlink-6,nlink-opt-6,opt.12,3,chuffed,tab,0.017,0.007,0,,0.236,1,0,290,0,,,,,,239
nlink-6,nlink-opt-6,opt.15,5,kissmdd,tab,0.28,0.012,0,,0.767,1,0,44057.0,0,,,0,8480,1936,
nlink-6,nlink-opt-6,opt.15,5,kissat,notab,0.23,,0,,1.071,1,0,29717.0,0,,,0,13478,2006,
nlink-6,nlink-opt-6,opt.12,1,kissmdd,tabnolim,17.67,3.154,0,,17.731,1,0,3085.0,0,,,0,42527494,3012,
nlink-6,nlink-opt-6,opt.15,2,minion,notab,1.35926,,0,1.35763,0.468,1,0,202125,0,7,0.000409,,,,
nlink-6,nlink-opt-6,opt.15,3,gecode,tabnolim,66.617,12.226,0,,36.448,0,0,0,0,,,,,,0
nlink-6,nlink-opt-6,opt.12,2,ortools,notab,0.395,,0,,0.394,1,0,,0,,,,,,1783
nlink-6,nlink-opt-6,opt.15,4,kissmdd,tab,0.15,0.007,0,,0.711,1,0,27834.0,0,,,0,8480,1936,
nlink-6,nlink-opt-6,opt.15,5,minion,notab,1.57954,,0,1.57772,0.317,1,0,202125,0,7,0.000483,,,,
nlink-6,nlink-opt-6,opt.15,4,gecode,tab,0.178,0.07,0,,0.336,1,0,18445,0,,,,,,9211
nlink-6,nlink-opt-6,opt.15,2,ortools,tab,2.195,0.006,0,,0.261,1,0,,0,,,,,,107
nlink-6,nlink-opt-6,opt.15,4,chuffed,notab,1.185,,0,,0.333,1,0,9000,0,,,,,,8714
nlink-6,nlink-opt-6,opt.12,2,chuffed,tab,0.019,0.006,0,,0.232,1,0,290,0,,,,,,239
nlink-6,nlink-opt-6,opt.15,2,minion,tab,0.130283,0.045,0,0.12817,0.358,1,0,9242,0,7,0.000535,,,,
nlink-6,nlink-opt-6,opt.12,5,chuffed,notab,0.224,,0,,0.385,1,0,3042,0,,,,,,2891
nlink-6,nlink-opt-6,opt.12,4,kissat,notab,0.04,,0,,0.732,1,0,7467.0,0,,,0,7475,1277,
nlink-6,nlink-opt-6,opt.15,3,chuffed,tabnolim,115.012,15.346,0,,42.232,0,0,0,0,,,,,,0
nlink-6,nlink-opt-6,opt.12,1,ortools,tab,0.832,0.007,0,,0.294,1,0,,0,,,,,,10
nlink-6,nlink-opt-6,opt.12,4,kissat,tab,0.01,0.007,0,,0.474,1,0,6300.0,0,,,0,5014,1187,
nlink-6,nlink-opt-6,opt.15,2,kissmdd,tab,0.22,0.085,0,,0.987,1,0,41218.0,0,,,0,8480,1936,
nlink-6,nlink-opt-6,opt.15,3,minion,notab,1.45137,,0,1.45069,0.308,1,0,202125,0,7,0,,,,
nlink-6,nlink-opt-6,opt.12,4,ortools,tabnolim,76.521,4.778,0,,10.258,1,0,,0,,,,,,27
nlink-6,nlink-opt-6,opt.15,4,chuffed,tabnolim,119.724,14.82,0,,41.126,0,0,0,0,,,,,,0
nlink-6,nlink-opt-6,opt.12,3,minion,tabnolim,29.9575,3.173,0,0.00296,5.084,1,0,36,0,6,3.79662,,,,
nlink-6,nlink-opt-6,opt.12,2,gecode,tabnolim,19.624,4.052,0,,8.535,0,0,0,0,,,,,,0
nlink-6,nlink-opt-6,opt.15,4,minion,notab,1.27016,,0,1.2687,0.209,1,0,202125,0,7,0.000316,,,,
nlink-6,nlink-opt-6,opt.12,5,kissat,tab,0.02,0.007,0,,0.651,1,0,7677.0,0,,,0,5014,1187,
nlink-6,nlink-opt-6,opt.12,3,chuffed,notab,0.215,,0,,1.014,1,0,3042,0,,,,,,2891
nlink-6,nlink-opt-6,opt.12,3,chuffed,tabnolim,32.732,4.991,0,,10.56,1,0,47,0,,,,,,10
nlink-6,nlink-opt-6,opt.12,5,minion,notab,0.176487,,0,0.175675,0.105,1,0,33876,0,6,0,,,,
nlink-6,nlink-opt-6,opt.15,5,kissmdd,notab,0.26,,0,,3.657,1,0,29717.0,0,,,0,13478,2006,
nlink-6,nlink-opt-6,opt.15,5,gecode,tabnolim,116.422,15.108,0,,40.946,0,0,0,0,,,,,,0
nlink-6,nlink-opt-6,opt.15,4,kissat,notab,0.32,,0,,3.966,1,0,41179.0,0,,,0,13478,2006,
nlink-6,nlink-opt-6,opt.15,5,gecode,tab,0.088,0.008,0,,0.232,1,0,18445,0,,,,,,9211
nlink-6,nlink-opt-6,opt.12,3,kissat,tabnolim,78.96,3.206,0,,27.373,1,0,2402.0,0,,,0,125521444,17931732,
nlink-6,nlink-opt-6,opt.12,4,gecode,tab,0.181,0.029,0,,0.405,1,0,4036,0,,,,,,2010
nlink-6,nlink-opt-6,opt.12,2,kissat,tabnolim,86.72999999999999,3.428,0,,31.59,1,0,2402.0,0,,,0,125521444,17931732,
nlink-6,nlink-opt-6,opt.12,3,kissat,notab,0.07,,0,,0.521,1,0,9072.0,0,,,0,7475,1277,
nlink-6,nlink-opt-6,opt.15,4,kissat,tab,0.17,0.098,0,,1.19,1,0,27834.0,0,,,0,8480,1936,
nlink-6,nlink-opt-6,opt.12,3,minion,tab,0.019881,0.007,0,0.018127,0.222,1,0,2030,0,6,0.000365,,,,
nlink-6,nlink-opt-6,opt.15,2,kissat,notab,0.33,,0,,0.987,1,0,44163.0,0,,,0,13478,2006,
nlink-6,nlink-opt-6,opt.15,1,ortools,tab,2.03,0.006,0,,0.318,1,0,,0,,,,,,107
nlink-6,nlink-opt-6,opt.12,5,ortools,notab,3.14,,0,,0.259,1,0,,0,,,,,,1783
nlink-6,nlink-opt-6,opt.15,1,kissmdd,tabnolim,104.54999999999998,17.591,0,,98.234,1,0,12930.0,0,,,0,208835636,6161,
nlink-6,nlink-opt-6,opt.15,4,minion,tabnolim,129.392,17.551,0,0.02228,25.041,1,0,143,0,7,18.8427,,,,
nlink-6,nlink-opt-6,opt.12,2,ortools,tabnolim,80.958,3.638,0,,8.862,1,0,,0,,,,,,27
nlink-6,nlink-opt-6,opt.12,1,chuffed,notab,0.206,,0,,0.872,1,0,3042,0,,,,,,2891
nlink-6,nlink-opt-6,opt.15,3,gecode,notab,2.494,,0,,0.342,1,0,236304,0,,,,,,118143
nlink-6,nlink-opt-6,opt.12,3,gecode,notab,0.262,,0,,0.309,1,0,44094,0,,,,,,22040
nlink-6,nlink-opt-6,opt.15,2,gecode,notab,1.015,,0,,0.197,1,0,236304,0,,,,,,118143
nlink-6,nlink-opt-6,opt.12,3,ortools,tabnolim,71.353,2.851,0,,7.382,1,0,,0,,,,,,27
nlink-6,nlink-opt-6,opt.15,2,kissat,tab,0.26,0.011,0,,0.835,1,0,41218.0,0,,,0,8480,1936,
nlink-6,nlink-opt-6,opt.15,5,ortools,tabnolim,350.621,12.394,0,,36.685,1,0,,0,,,,,,146
nlink-6,nlink-opt-6,opt.15,3,kissmdd,tabnolim,101.8,15.229,0,,87.457,1,0,10710.0,0,,,0,208835636,6161,
nlink-6,nlink-opt-6,opt.15,5,kissat,tab,0.28,0.016,0,,0.752,1,0,44057.0,0,,,0,8480,1936,
nlink-6,nlink-opt-6,opt.15,2,gecode,tabnolim,70.355,14.3,0,,38.995,0,0,0,0,,,,,,0
nlink-6,nlink-opt-6,opt.12,1,kissmdd,tab,0.01,0.03,0,,0.675,1,0,6556.0,0,,,0,5014,1187,
nlink-6,nlink-opt-6,opt.12,3,kissat,tab,0.02,0.008,0,,0.762,1,0,6384.0,0,,,0,5014,1187,
nlink-6,nlink-opt-6,opt.12,5,minion,tab,0.019803,0.015,0,0.01901,0.175,1,0,2030,0,6,0,,,,
nlink-6,nlink-opt-6,opt.12,3,kissmdd,tabnolim,19.46,6.344,0,,22.417,1,0,3200.0,0,,,0,42527494,3012,
nlink-6,nlink-opt-6,opt.15,3,gecode,tab,1.367,0.009,0,,0.378,1,0,18445,0,,,,,,9211
nlink-6,nlink-opt-6,opt.15,5,minion,tabnolim,133.943,13.875,0,0.028307,22.706,1,0,143,0,7,20.9454,,,,
nlink-6,nlink-opt-6,opt.15,3,kissmdd,notab,0.28,,0,,1.063,1,0,39607.0,0,,,0,13478,2006,
nlink-6,nlink-opt-6,opt.15,2,kissmdd,tabnolim,105.69,17.797,0,,98.682,1,0,9456.0,0,,,0,208835636,6161,
nlink-6,nlink-opt-6,opt.12,1,minion,tabnolim,29.4708,4.209,0,0.003085,6.325,1,0,36,0,6,3.69787,,,,
nlink-6,nlink-opt-6,opt.12,2,kissat,notab,0.05,,0,,0.641,1,0,8646.0,0,,,0,7475,1277,
nlink-6,nlink-opt-6,opt.12,5,kissat,tabnolim,73.35,3.218,0,,28.448,1,0,2402.0,0,,,0,125521444,17931732,
nlink-6,nlink-opt-6,opt.12,4,minion,tabnolim,31.0525,4.064,0,0.002883,6.185,1,0,36,0,6,4.5863,,,,
nlink-6,nlink-opt-6,opt.12,2,kissmdd,notab,0.060000000000000005,,0,,1.301,1,0,8646.0,0,,,0,7475,1277,
nlink-6,nlink-opt-6,opt.15,1,minion,tabnolim,129.983,14.13,0,0.024007,21.566,1,0,143,0,7,19.4194,,,,
nlink-6,nlink-opt-6,opt.12,5,minion,tabnolim,30.4621,3.251,0,0.002919,5.084,1,0,36,0,6,4.33263,,,,
nlink-6,nlink-opt-6,opt.12,4,minion,tab,0.018453,0.007,0,0.017091,0.231,1,0,2030,0,6,0.000318,,,,
nlink-6,nlink-opt-6,opt.12,3,ortools,tab,0.617,0.005,0,,0.172,1,0,,0,,,,,,10
nlink-6,nlink-opt-6,opt.12,4,ortools,tab,0.923,0.007,0,,0.331,1,0,,0,,,,,,10
nlink-6,nlink-opt-6,opt.15,5,gecode,notab,1.434,,0,,0.255,1,0,236304,0,,,,,,118143
nlink-6,nlink-opt-6,opt.12,1,kissmdd,notab,0.12,,0,,0.828,1,0,10455.0,0,,,0,7475,1277,
nlink-6,nlink-opt-6,opt.12,2,kissmdd,tab,0.01,0.115,0,,2.555,1,0,5453.0,0,,,0,5014,1187,
nlink-6,nlink-opt-6,opt.12,1,gecode,tabnolim,36.436,4.262,0,,8.84,1,0,48,0,,,,,,16
nlink-6,nlink-opt-6,opt.15,3,minion,tab,0.109487,0.007,0,0.107672,0.203,1,0,9242,0,7,0.000354,,,,
nlink-6,nlink-opt-6,opt.15,2,kissmdd,notab,0.35,,0,,3.828,1,0,44163.0,0,,,0,13478,2006,
nlink-6,nlink-opt-6,opt.15,4,kissmdd,notab,0.31,,0,,0.787,1,0,41179.0,0,,,0,13478,2006,
nlink-6,nlink-opt-6,opt.12,5,chuffed,tabnolim,38.191,6.999,0,,13.488,1,0,47,0,,,,,,10
nlink-6,nlink-opt-6,opt.15,1,kissat,notab,0.25,,0,,0.655,1,0,27183.0,0,,,0,13478,2006,
nlink-6,nlink-opt-6,opt.15,1,chuffed,tab,0.022,0.007,0,,0.244,1,0,644,0,,,,,,553
nlink-6,nlink-opt-6,opt.12,2,minion,tabnolim,29.3195,3.211,0,0.002367,5.182,1,0,36,0,6,3.60183,,,,
nlink-6,nlink-opt-6,opt.15,2,chuffed,tabnolim,154.792,27.361,0,,57.186,0,0,0,0,,,,,,0
nlink-6,nlink-opt-6,opt.15,2,gecode,tab,0.234,0.015,0,,0.303,1,0,18445,0,,,,,,9211
nlink-6,nlink-opt-6,opt.15,4,ortools,notab,0.382,,0,,0.229,1,0,,0,,,,,,3374
nlink-6,nlink-opt-6,opt.15,5,ortools,notab,0.375,,0,,0.236,1,0,,0,,,,,,3374
nlink-6,nlink-opt-6,opt.12,1,chuffed,tabnolim,28.618,5.575,0,,10.939,1,0,47,0,,,,,,10
nlink-6,nlink-opt-6,opt.12,4,ortools,notab,0.525,,0,,0.723,1,0,,0,,,,,,1783
nlink-6,nlink-opt-6,opt.12,2,minion,tab,0.018238,0.007,0,0.017334,0.215,1,0,2030,0,6,0.000106,,,,
nlink-6,nlink-opt-6,opt.15,2,ortools,notab,0.439,,0,,0.334,1,0,,0,,,,,,3374
nlink-6,nlink-opt-6,opt.15,4,chuffed,tab,0.022,0.039,0,,0.2,1,0,644,0,,,,,,553
nlink-6,nlink-opt-6,opt.12,2,gecode,tab,0.18,0.008,0,,0.374,1,0,4036,0,,,,,,2010
nlink-6,nlink-opt-6,opt.15,3,ortools,tabnolim,348.852,13.153,0,,37.746,1,0,,0,,,,,,146
nlink-6,nlink-opt-6,opt.15,2,chuffed,notab,1.232,,0,,0.453,1,0,9000,0,,,,,,8714
nlink-6,nlink-opt-6,opt.15,1,minion,notab,1.61533,,0,1.61391,0.392,1,0,202125,0,7,0.000219,,,,
nlink-6,nlink-opt-6,opt.12,2,chuffed,notab,0.177,,0,,0.393,1,0,3042,0,,,,,,2891
nlink-6,nlink-opt-6,opt.15,3,kissmdd,tab,0.31,0.022,0,,1.163,1,0,44199.0,0,,,0,8480,1936,
nlink-6,nlink-opt-6,opt.15,3,ortools,tab,2.722,0.008,0,,0.263,1,0,,0,,,,,,107
nlink-6,nlink-opt-6,opt.12,1,ortools,notab,0.243,,0,,0.21,1,0,,0,,,,,,1783
nlink-6,nlink-opt-6,opt.12,3,gecode,tabnolim,31.993,4.361,0,,8.433,1,0,48,0,,,,,,16
nlink-6,nlink-opt-6,opt.12,5,kissat,notab,0.08,,0,,0.605,1,0,10494.0,0,,,0,7475,1277,
nlink-6,nlink-opt-6,opt.12,3,gecode,tab,0.147,0.017,0,,0.336,1,0,4036,0,,,,,,2010
nlink-6,nlink-opt-6,opt.12,4,kissat,tabnolim,41.86,4.484,0,,26.966,1,0,1759.0,0,,,0,125521444,17931732,
nlink-6,nlink-opt-6,opt.15,5,chuffed,tabnolim,139.9,16.982,0,,44.716,0,0,0,0,,,,,,0
nlink-6,nlink-opt-6,opt.12,4,chuffed,tabnolim,24.132,3.23,0,,7.851,1,0,47,0,,,,,,10
nlink-6,nlink-opt-6,opt.12,4,kissmdd,tab,0.02,0.035,0,,0.804,1,0,6300.0,0,,,0,5014,1187,
nlink-6,nlink-opt-6,opt.15,1,minion,tab,0.125863,0.036,0,0.125022,0.306,1,0,9242,0,7,0,,,,
nlink-6,nlink-opt-6,opt.12,1,kissat,tab,0.01,0.007,0,,0.712,1,0,6556.0,0,,,0,5014,1187,
nlink-6,nlink-opt-6,opt.12,3,kissmdd,tab,0.02,0.008,0,,0.608,1,0,6384.0,0,,,0,5014,1187,
nlink-6,nlink-opt-6,opt.12,4,chuffed,tab,0.006,0.005,0,,0.154,1,0,290,0,,,,,,239
nlink-6,nlink-opt-6,opt.15,2,ortools,tabnolim,382.658,17.084,0,,44.314,1,0,,0,,,,,,146
nlink-6,nlink-opt-6,opt.15,1,chuffed,tabnolim,121.495,14.594,0,,39.658,0,0,0,0,,,,,,0
nlink-6,nlink-opt-6,opt.15,4,gecode,notab,1.024,,0,,0.213,1,0,236304,0,,,,,,118143
nlink-6,nlink-opt-6,opt.12,4,chuffed,notab,0.201,,0,,0.347,1,0,3042,0,,,,,,2891
nlink-6,nlink-opt-6,opt.15,5,chuffed,tab,0.029,0.007,0,,0.34,1,0,644,0,,,,,,553
nlink-6,nlink-opt-6,opt.15,1,kissmdd,tab,0.27,0.036,0,,1.295,1,0,36229.0,0,,,0,8480,1936,
nlink-6,nlink-opt-6,opt.12,2,kissat,tab,0.01,0.042,0,,0.516,1,0,5453.0,0,,,0,5014,1187,
nlink-6,nlink-opt-6,opt.12,2,chuffed,tabnolim,23.296,3.0,0,,7.58,1,0,47,0,,,,,,10
nlink-6,nlink-opt-6,opt.15,4,ortools,tabnolim,355.238,15.312,0,,38.071,1,0,,0,,,,,,146
nlink-6,nlink-opt-6,opt.12,3,ortools,notab,0.226,,0,,0.235,1,0,,0,,,,,,1783
nlink-6,nlink-opt-6,opt.15,1,gecode,notab,1.31,,0,,0.517,1,0,236304,0,,,,,,118143
nlink-6,nlink-opt-6,opt.15,1,chuffed,notab,1.342,,0,,0.783,1,0,9000,0,,,,,,8714
nlink-6,nlink-opt-6,opt.12,3,minion,notab,0.174878,,0,0.174333,0.214,1,0,33876,0,6,0,,,,
nlink-6,nlink-opt-6,opt.12,4,gecode,notab,0.308,,0,,0.198,1,0,44094,0,,,,,,22040
nlink-6,nlink-opt-6,opt.12,5,chuffed,tab,0.006,0.005,0,,0.195,1,0,290,0,,,,,,239
nlink-6,nlink-opt-6,opt.15,1,gecode,tab,0.108,0.067,0,,0.31,1,0,18445,0,,,,,,9211
nlink-6,nlink-opt-6,opt.15,3,chuffed,notab,1.241,,0,,0.229,1,0,9000,0,,,,,,8714
nlink-6,nlink-opt-6,opt.15,1,kissat,tab,0.22,0.008,0,,0.664,1,0,36229.0,0,,,0,8480,1936,
nlink-6,nlink-opt-6,opt.15,1,ortools,tabnolim,352.818,14.781,0,,40.002,1,0,,0,,,,,,146
nlink-6,nlink-opt-6,opt.15,2,minion,tabnolim,133.178,13.364,0,0.028957,19.462,1,0,143,0,7,21.0398,,,,
nlink-6,nlink-opt-6,opt.12,2,minion,notab,0.191256,,0,0.191259,0.133,1,0,33876,0,6,0,,,,
nlink-6,nlink-opt-6,opt.15,1,kissmdd,notab,0.25,,0,,1.16,1,0,27183.0,0,,,0,13478,2006,
nlink-6,nlink-opt-6,opt.12,5,kissmdd,tab,0.02,0.007,0,,0.509,1,0,7677.0,0,,,0,5014,1187,
nlink-6,nlink-opt-6,opt.12,2,ortools,tab,0.81,0.006,0,,0.306,1,0,,0,,,,,,10
nlink-6,nlink-opt-6,opt.12,1,minion,tab,0.018302,0.007,0,0.016999,0.156,1,0,2030,0,6,0.000412,,,,
nlink-6,nlink-opt-6,opt.15,4,kissmdd,tabnolim,111.0,16.794,0,,96.537,1,0,11958.0,0,,,0,208835636,6161,
nlink-6,nlink-opt-6,opt.15,1,ortools,notab,0.527,,0,,0.259,1,0,,0,,,,,,3374
nlink-6,nlink-opt-6,opt.15,4,minion,tab,0.108994,0.007,0,0.108197,0.174,1,0,9242,0,7,0,,,,
nlink-6,nlink-opt-6,opt.12,5,ortools,tab,0.768,0.021,0,,0.336,1,0,,0,,,,,,10
nlink-6,nlink-opt-6,opt.15,3,minion,tabnolim,122.83,11.565,0,0.021058,19.388,1,0,143,0,7,15.0044,,,,
nlink-6,nlink-opt-6,opt.12,1,ortools,tabnolim,110.391,6.134,0,,11.906,1,0,,0,,,,,,27
nlink-6,nlink-opt-6,opt.15,3,kissat,notab,0.27,,0,,1.111,1,0,39607.0,0,,,0,13478,2006,
nlink-6,nlink-opt-6,opt.12,3,kissmdd,notab,0.07,,0,,0.617,1,0,9072.0,0,,,0,7475,1277,
nlink-6,nlink-opt-6,opt.12,1,gecode,notab,0.197,,0,,0.212,1,0,44094,0,,,,,,22040
nlink-6,nlink-opt-6,opt.15,3,kissat,tab,0.25,0.007,0,,0.741,1,0,44199.0,0,,,0,8480,1936,
nlink-6,nlink-opt-6,opt.12,4,kissmdd,tabnolim,30.09,7.856,0,,30.562,1,0,3250.0,0,,,0,42527494,3012,
nlink-6,nlink-opt-6,opt.12,5,ortools,tabnolim,70.965,3.24,0,,7.989,1,0,,0,,,,,,27
nlink-6,nlink-opt-6,opt.15,5,ortools,tab,2.093,0.006,0,,0.264,1,0,,0,,,,,,107
nlink-6,nlink-opt-6,opt.12,5,gecode,notab,0.207,,0,,0.225,1,0,44094,0,,,,,,22040
nlink-6,nlink-opt-6,opt.12,1,chuffed,tab,0.007,0.054,0,,0.48,1,0,290,0,,,,,,239
nlink-6,nlink-opt-6,opt.12,5,kissmdd,notab,0.08,,0,,0.547,1,0,10494.0,0,,,0,7475,1277,
nlink-6,nlink-opt-6,opt.15,5,minion,tab,0.109729,0.012,0,0.108847,0.212,1,0,9242,0,7,3.2e-05,,,,
nlink-6,nlink-opt-6,opt.15,5,chuffed,notab,1.083,,0,,0.477,1,0,9000,0,,,,,,8714
nlink-6,nlink-opt-6,opt.12,5,gecode,tab,0.171,0.033,0,,0.273,1,0,4036,0,,,,,,2010
nlink-6,nlink-opt-6,opt.15,1,gecode,tabnolim,80.274,14.61,0,,37.75,0,0,0,0,,,,,,0
nlink-6,nlink-opt-6,opt.12,2,kissmdd,tabnolim,18.22,3.326,0,,17.813,1,0,3166.0,0,,,0,42527494,3012,
nlink-6,nlink-opt-6,opt.12,1,gecode,tab,1.555,0.014,0,,0.279,1,0,4036,0,,,,,,2010
nlink-6,nlink-opt-6,opt.12,4,kissmdd,notab,0.060000000000000005,,0,,0.763,1,0,7467.0,0,,,0,7475,1277,
nlink-6,nlink-opt-6,opt.15,3,ortools,notab,0.615,,0,,0.271,1,0,,0,,,,,,3374
nlink-6,nlink-opt-6,opt.12,1,kissat,notab,0.09999999999999999,,0,,0.602,1,0,10455.0,0,,,0,7475,1277,
nlink-2,nlink-opt-2,opt.15,1,minion,tabnolim,0.026098,0.007,0,0.024859,0.237,1,0,2435,0,7,0.00023,,,,
nlink-2,nlink-opt-2,opt.12,5,gecode,notab,0.189,,0,,0.15,1,0,44094,0,,,,,,22040
nlink-2,nlink-opt-2,opt.15,3,minion,tabnolim,0.027863,0.006,0,0.024954,0.148,1,0,2435,0,7,0.000166,,,,
nlink-2,nlink-opt-2,opt.12,2,chuffed,notab,0.139,,0,,0.279,1,0,2341,0,,,,,,2212
nlink-2,nlink-opt-2,opt.15,2,minion,tab,0.026801,0.006,0,0.024453,0.182,1,0,2435,0,7,0.000244,,,,
nlink-2,nlink-opt-2,opt.15,5,kissmdd,tabnolim,0.01,0.032,0,,0.391,1,0,4040.0,0,,,0,8314,633,
nlink-2,nlink-opt-2,opt.15,5,ortools,tabnolim,5.881,0.006,0,,0.192,1,0,,0,,,,,,156
nlink-2,nlink-opt-2,opt.15,3,minion,tab,0.025173,0.006,0,0.023221,0.205,1,0,2435,0,7,0.000129,,,,
nlink-2,nlink-opt-2,opt.12,2,kissat,tabnolim,0.0,0.007,0,,0.326,1,0,207.0,0,,,0,4540,1464,
nlink-2,nlink-opt-2,opt.15,3,gecode,tabnolim,0.131,0.006,0,,0.332,1,0,4832,0,,,,,,2405
nlink-2,nlink-opt-2,opt.15,4,gecode,tabnolim,0.153,0.005,0,,0.218,1,0,4832,0,,,,,,2405
nlink-2,nlink-opt-2,opt.12,3,ortools,notab,0.419,,0,,0.111,1,0,,0,,,,,,2027
nlink-2,nlink-opt-2,opt.12,3,kissat,notab,0.05,,0,,0.236,1,0,7667.0,0,,,0,5091,770,
nlink-2,nlink-opt-2,opt.15,2,gecode,tab,0.111,0.005,0,,0.207,1,0,4832,0,,,,,,2405
nlink-2,nlink-opt-2,opt.12,5,minion,tabnolim,0.006433,0.006,0,0.004682,0.22,1,0,511,0,6,0,,,,
nlink-2,nlink-opt-2,opt.12,3,minion,tab,0.005218,0.005,0,0.004124,0.149,1,0,511,0,6,0.000141,,,,
nlink-2,nlink-opt-2,opt.15,2,chuffed,tab,0.013,0.094,0,,0.407,1,0,383,0,,,,,,285
nlink-2,nlink-opt-2,opt.12,5,kissat,notab,0.06,,0,,0.196,1,0,7348.0,0,,,0,5091,770,
nlink-2,nlink-opt-2,opt.12,2,gecode,notab,0.183,,0,,0.158,1,0,44094,0,,,,,,22040
nlink-2,nlink-opt-2,opt.12,2,minion,tab,0.003945,0.005,0,0.003162,0.114,1,0,511,0,6,0.000188,,,,
nlink-2,nlink-opt-2,opt.12,4,kissmdd,tabnolim,0.0,0.005,0,,0.244,1,0,668.0,0,,,0,4402,420,
nlink-2,nlink-opt-2,opt.12,3,kissmdd,notab,0.06,,0,,0.334,1,0,7667.0,0,,,0,5091,770,
nlink-2,nlink-opt-2,opt.15,5,gecode,tab,0.185,0.006,0,,0.212,1,0,4832,0,,,,,,2405
nlink-2,nlink-opt-2,opt.15,1,chuffed,tab,0.017,0.005,0,,0.281,1,0,383,0,,,,,,285
nlink-2,nlink-opt-2,opt.12,4,gecode,tabnolim,0.018,0.006,0,,0.115,1,0,995,0,,,,,,490
nlink-2,nlink-opt-2,opt.15,1,gecode,tabnolim,0.038,0.005,0,,0.136,1,0,4832,0,,,,,,2405
nlink-2,nlink-opt-2,opt.15,2,minion,tabnolim,0.029589,0.005,0,0.028253,0.237,1,0,2435,0,7,0.000301,,,,
nlink-2,nlink-opt-2,opt.15,1,ortools,tabnolim,5.826,0.006,0,,0.142,1,0,,0,,,,,,156
nlink-2,nlink-opt-2,opt.15,5,chuffed,tab,0.013,0.006,0,,0.231,1,0,383,0,,,,,,285
nlink-2,nlink-opt-2,opt.15,1,kissmdd,notab,0.2,,0,,0.709,1,0,28854.0,0,,,0,9350,1161,
nlink-2,nlink-opt-2,opt.12,1,gecode,notab,0.172,,0,,0.268,1,0,44094,0,,,,,,22040
nlink-2,nlink-opt-2,opt.12,5,ortools,tabnolim,1.097,0.005,0,,0.119,1,0,,0,,,,,,10
nlink-2,nlink-opt-2,opt.12,5,kissmdd,tabnolim,0.0,0.006,0,,0.359,1,0,668.0,0,,,0,4402,420,
nlink-2,nlink-opt-2,opt.12,3,ortools,tabnolim,3.08,0.113,0,,0.402,1,0,,0,,,,,,10
nlink-2,nlink-opt-2,opt.15,3,kissat,notab,0.19,,0,,0.329,1,0,29423.0,0,,,0,9350,1161,
nlink-2,nlink-opt-2,opt.12,1,minion,tab,0.006806,0.007,0,0.004267,0.161,1,0,511,0,6,0.000335,,,,
nlink-2,nlink-opt-2,opt.15,5,chuffed,tabnolim,0.013,0.168,0,,0.478,1,0,383,0,,,,,,285
nlink-2,nlink-opt-2,opt.15,4,gecode,tab,0.165,0.006,0,,0.258,1,0,4832,0,,,,,,2405
nlink-2,nlink-opt-2,opt.15,1,kissmdd,tabnolim,0.01,0.032,0,,0.297,1,0,4289.0,0,,,0,8314,633,
nlink-2,nlink-opt-2,opt.15,5,kissat,tab,0.01,0.038,0,,0.355,1,0,1694.0,0,,,0,8602,2761,
nlink-2,nlink-opt-2,opt.12,4,chuffed,notab,0.172,,0,,0.354,1,0,2341,0,,,,,,2212
nlink-2,nlink-opt-2,opt.15,3,kissmdd,notab,0.21,,0,,0.401,1,0,29423.0,0,,,0,9350,1161,
nlink-2,nlink-opt-2,opt.12,1,kissat,notab,0.07,,0,,0.31,1,0,9137.0,0,,,0,5091,770,
nlink-2,nlink-opt-2,opt.15,3,kissat,tab,0.0,0.028,0,,0.298,1,0,1694.0,0,,,0,8602,2761,
nlink-2,nlink-opt-2,opt.15,3,gecode,tab,0.208,0.005,0,,0.186,1,0,4832,0,,,,,,2405
nlink-2,nlink-opt-2,opt.15,5,kissat,notab,0.2,,0,,0.393,1,0,30797.0,0,,,0,9350,1161,
nlink-2,nlink-opt-2,opt.15,5,gecode,notab,0.923,,0,,0.184,1,0,236304,0,,,,,,118143
nlink-2,nlink-opt-2,opt.12,3,gecode,notab,0.372,,0,,0.279,1,0,44094,0,,,,,,22040
nlink-2,nlink-opt-2,opt.12,5,ortools,notab,0.204,,0,,0.186,1,0,,0,,,,,,2027
nlink-2,nlink-opt-2,opt.15,2,gecode,tabnolim,0.104,0.007,0,,0.14,1,0,4832,0,,,,,,2405
nlink-2,nlink-opt-2,opt.12,2,ortools,notab,0.247,,0,,0.223,1,0,,0,,,,,,2027
nlink-2,nlink-opt-2,opt.15,4,chuffed,tabnolim,0.012,0.006,0,,0.247,1,0,383,0,,,,,,285
nlink-2,nlink-opt-2,opt.15,3,gecode,notab,1.035,,0,,0.218,1,0,236304,0,,,,,,118143
nlink-2,nlink-opt-2,opt.15,5,chuffed,notab,1.019,,0,,0.212,1,0,9457,0,,,,,,9150
nlink-2,nlink-opt-2,opt.12,5,gecode,tab,0.016,0.005,0,,0.104,1,0,995,0,,,,,,490
nlink-2,nlink-opt-2,opt.12,3,kissmdd,tabnolim,0.0,0.006,0,,0.226,1,0,668.0,0,,,0,4402,420,
nlink-2,nlink-opt-2,opt.15,2,ortools,tab,7.632,0.006,0,,0.338,1,0,,0,,,,,,156
nlink-2,nlink-opt-2,opt.15,1,ortools,notab,3.314,,0,,0.353,1,0,,0,,,,,,2729
nlink-2,nlink-opt-2,opt.15,3,chuffed,tabnolim,0.018,0.006,0,,0.175,1,0,383,0,,,,,,285
nlink-2,nlink-opt-2,opt.15,1,minion,notab,0.360843,,0,0.359921,0.222,1,0,174171,0,7,0.000227,,,,
nlink-2,nlink-opt-2,opt.15,2,chuffed,notab,1.169,,0,,0.297,1,0,9457,0,,,,,,9150
nlink-2,nlink-opt-2,opt.12,3,kissmdd,tab,0.0,0.005,0,,0.204,1,0,668.0,0,,,0,4402,420,
nlink-2,nlink-opt-2,opt.15,5,kissmdd,tab,0.01,0.019,0,,0.397,1,0,4040.0,0,,,0,8314,633,
nlink-2,nlink-opt-2,opt.15,1,kissat,tab,0.01,0.024,0,,0.36,1,0,1694.0,0,,,0,8602,2761,
nlink-2,nlink-opt-2,opt.12,3,gecode,tabnolim,0.02,0.006,0,,0.146,1,0,995,0,,,,,,490
nlink-2,nlink-opt-2,opt.12,3,chuffed,tabnolim,0.006,0.006,0,,0.165,1,0,258,0,,,,,,201
nlink-2,nlink-opt-2,opt.15,5,ortools,tab,6.368,0.006,0,,0.198,1,0,,0,,,,,,156
nlink-2,nlink-opt-2,opt.12,5,minion,notab,0.051005,,0,0.050482,0.187,1,0,28299,0,6,7.7e-05,,,,
nlink-2,nlink-opt-2,opt.12,4,chuffed,tab,0.005,0.006,0,,0.145,1,0,258,0,,,,,,201
nlink-2,nlink-opt-2,opt.12,4,gecode,tab,0.181,0.006,0,,0.191,1,0,995,0,,,,,,490
nlink-2,nlink-opt-2,opt.15,5,minion,tabnolim,0.026173,0.005,0,0.02459,0.18,1,0,2435,0,7,0.00015,,,,
nlink-2,nlink-opt-2,opt.12,3,kissat,tabnolim,0.0,0.006,0,,0.217,1,0,207.0,0,,,0,4540,1464,
nlink-2,nlink-opt-2,opt.12,1,minion,tabnolim,0.005974,0.006,0,0.004127,0.156,1,0,511,0,6,0.000257,,,,
nlink-2,nlink-opt-2,opt.12,3,kissat,tab,0.0,0.005,0,,0.157,1,0,207.0,0,,,0,4540,1464,
nlink-2,nlink-opt-2,opt.15,2,kissmdd,notab,0.29,,0,,0.643,1,0,38778.0,0,,,0,9350,1161,
nlink-2,nlink-opt-2,opt.15,5,kissmdd,notab,0.22,,0,,0.999,1,0,30797.0,0,,,0,9350,1161,
nlink-2,nlink-opt-2,opt.15,4,minion,tab,0.030049,0.121,0,0.02675,0.355,1,0,2435,0,7,0.000378,,,,
nlink-2,nlink-opt-2,opt.12,5,minion,tab,0.00638,0.006,0,0.004585,0.11,1,0,511,0,6,0.000173,,,,
nlink-2,nlink-opt-2,opt.15,2,kissat,notab,0.21,,0,,0.411,1,0,38778.0,0,,,0,9350,1161,
nlink-2,nlink-opt-2,opt.15,4,chuffed,tab,0.022,0.005,0,,0.187,1,0,383,0,,,,,,285
nlink-2,nlink-opt-2,opt.15,1,gecode,notab,1.047,,0,,0.248,1,0,236304,0,,,,,,118143
nlink-2,nlink-opt-2,opt.12,3,chuffed,tab,0.005,0.005,0,,0.12,1,0,258,0,,,,,,201
nlink-2,nlink-opt-2,opt.12,3,minion,tabnolim,0.005754,0.016,0,0.004103,0.116,1,0,511,0,6,0.000185,,,,
nlink-2,nlink-opt-2,opt.12,1,kissat,tab,0.0,0.007,0,,0.301,1,0,207.0,0,,,0,4540,1464,
nlink-2,nlink-opt-2,opt.12,2,kissmdd,tabnolim,0.0,0.006,0,,0.28,1,0,668.0,0,,,0,4402,420,
nlink-2,nlink-opt-2,opt.12,2,kissmdd,notab,0.08,,0,,0.472,1,0,8500.0,0,,,0,5091,770,
nlink-2,nlink-opt-2,opt.15,4,kissmdd,tabnolim,0.01,0.311,0,,0.93,1,0,4276.0,0,,,0,8314,633,
nlink-2,nlink-opt-2,opt.15,4,kissmdd,tab,0.01,0.038,0,,0.52,1,0,4276.0,0,,,0,8314,633,
nlink-2,nlink-opt-2,opt.12,3,ortools,tab,2.676,0.005,0,,0.145,1,0,,0,,,,,,10
nlink-2,nlink-opt-2,opt.12,1,kissat,tabnolim,0.0,0.007,0,,0.464,1,0,207.0,0,,,0,4540,1464,
nlink-2,nlink-opt-2,opt.15,4,minion,notab,0.398274,,0,0.396999,0.224,1,0,174171,0,7,0.000291,,,,
nlink-2,nlink-opt-2,opt.12,2,kissat,tab,0.0,0.005,0,,0.408,1,0,207.0,0,,,0,4540,1464,
nlink-2,nlink-opt-2,opt.12,2,chuffed,tabnolim,0.006,0.195,0,,0.456,1,0,258,0,,,,,,201
nlink-2,nlink-opt-2,opt.15,2,chuffed,tabnolim,0.021,0.005,0,,0.174,1,0,383,0,,,,,,285
nlink-2,nlink-opt-2,opt.12,1,minion,notab,0.049515,,0,0.049516,0.165,1,0,28299,0,6,0,,,,
nlink-2,nlink-opt-2,opt.15,4,chuffed,notab,1.267,,0,,0.387,1,0,9457,0,,,,,,9150
nlink-2,nlink-opt-2,opt.15,2,kissmdd,tabnolim,0.01,0.033,0,,0.432,1,0,4497.0,0,,,0,8314,633,
nlink-2,nlink-opt-2,opt.15,2,ortools,tabnolim,9.225,0.006,0,,0.288,1,0,,0,,,,,,156
nlink-2,nlink-opt-2,opt.12,1,chuffed,notab,0.136,,0,,0.258,1,0,2341,0,,,,,,2212
nlink-2,nlink-opt-2,opt.15,2,gecode,notab,2.054,,0,,0.2,1,0,236304,0,,,,,,118143
nlink-2,nlink-opt-2,opt.12,1,ortools,tabnolim,1.229,0.005,0,,0.117,1,0,,0,,,,,,10
nlink-2,nlink-opt-2,opt.12,5,kissat,tabnolim,0.0,0.024,0,,0.346,1,0,207.0,0,,,0,4540,1464,
nlink-2,nlink-opt-2,opt.15,1,kissmdd,tab,0.01,0.073,0,,0.302,1,0,4289.0,0,,,0,8314,633,
nlink-2,nlink-opt-2,opt.12,3,gecode,tab,0.032,0.006,0,,0.111,1,0,995,0,,,,,,490
nlink-2,nlink-opt-2,opt.12,2,gecode,tabnolim,0.096,0.006,0,,0.102,1,0,995,0,,,,,,490
nlink-2,nlink-opt-2,opt.12,4,kissat,tab,0.0,0.004,0,,0.198,1,0,207.0,0,,,0,4540,1464,
nlink-2,nlink-opt-2,opt.15,5,ortools,notab,0.379,,0,,0.255,1,0,,0,,,,,,2729
nlink-2,nlink-opt-2,opt.12,5,kissmdd,tab,0.0,0.006,0,,0.217,1,0,668.0,0,,,0,4402,420,
nlink-2,nlink-opt-2,opt.12,1,chuffed,tabnolim,0.006,0.038,0,,0.255,1,0,258,0,,,,,,201
nlink-2,nlink-opt-2,opt.12,2,minion,notab,0.04995,,0,0.049672,0.075,1,0,28299,0,6,9.3e-05,,,,
nlink-2,nlink-opt-2,opt.15,4,kissat,tab,0.01,0.049,0,,0.451,1,0,1694.0,0,,,0,8602,2761,
nlink-2,nlink-opt-2,opt.12,1,gecode,tabnolim,0.081,0.006,0,,0.213,1,0,995,0,,,,,,490
nlink-2,nlink-opt-2,opt.12,4,kissat,notab,0.08,,0,,0.437,1,0,9021.0,0,,,0,5091,770,
nlink-2,nlink-opt-2,opt.12,4,kissat,tabnolim,0.0,0.165,0,,0.651,1,0,207.0,0,,,0,4540,1464,
nlink-2,nlink-opt-2,opt.12,4,minion,tab,0.006486,0.121,0,0.004902,0.363,1,0,511,0,6,0,,,,
nlink-2,nlink-opt-2,opt.12,4,ortools,tabnolim,1.258,0.007,0,,0.13,1,0,,0,,,,,,10
nlink-2,nlink-opt-2,opt.15,3,chuffed,notab,1.278,,0,,0.32,1,0,9457,0,,,,,,9150
nlink-2,nlink-opt-2,opt.12,2,kissmdd,tab,0.0,0.005,0,,0.221,1,0,668.0,0,,,0,4402,420,
nlink-2,nlink-opt-2,opt.15,1,gecode,tab,0.105,0.044,0,,0.193,1,0,4832,0,,,,,,2405
nlink-2,nlink-opt-2,opt.12,4,minion,tabnolim,0.004266,0.006,0,0.004081,0.11,1,0,511,0,6,2.5e-05,,,,
nlink-2,nlink-opt-2,opt.12,5,ortools,tab,1.093,0.005,0,,0.123,1,0,,0,,,,,,10
nlink-2,nlink-opt-2,opt.15,3,chuffed,tab,0.012,0.005,0,,0.182,1,0,383,0,,,,,,285
nlink-2,nlink-opt-2,opt.15,4,minion,tabnolim,0.033616,0.043,0,0.029908,0.374,1,0,2435,0,7,0.000595,,,,
nlink-2,nlink-opt-2,opt.12,5,gecode,tabnolim,0.63,0.006,0,,0.132,1,0,995,0,,,,,,490
nlink-2,nlink-opt-2,opt.15,5,minion,notab,0.335644,,0,0.335646,0.178,1,0,174171,0,7,0,,,,
nlink-2,nlink-opt-2,opt.15,3,ortools,tab,5.905,0.004,0,,0.169,1,0,,0,,,,,,156
nlink-2,nlink-opt-2,opt.15,1,kissat,tabnolim,0.0,0.022,0,,0.416,1,0,1694.0,0,,,0,8602,2761,
nlink-2,nlink-opt-2,opt.15,3,ortools,notab,0.366,,0,,0.175,1,0,,0,,,,,,2729
nlink-2,nlink-opt-2,opt.12,1,kissmdd,tabnolim,0.0,0.005,0,,0.197,1,0,668.0,0,,,0,4402,420,
nlink-2,nlink-opt-2,opt.15,4,ortools,tabnolim,5.81,0.006,0,,0.225,1,0,,0,,,,,,156
nlink-2,nlink-opt-2,opt.12,2,minion,tabnolim,0.006438,0.006,0,0.004437,0.131,1,0,511,0,6,0.000299,,,,
nlink-2,nlink-opt-2,opt.12,1,gecode,tab,0.086,0.006,0,,0.189,1,0,995,0,,,,,,490
nlink-2,nlink-opt-2,opt.15,4,kissat,notab,0.29000000000000004,,0,,0.713,1,0,31436.0,0,,,0,9350,1161,
nlink-2,nlink-opt-2,opt.15,1,chuffed,notab,1.022,,0,,0.256,1,0,9457,0,,,,,,9150
nlink-2,nlink-opt-2,opt.12,1,chuffed,tab,0.005,0.076,0,,0.296,1,0,258,0,,,,,,201
nlink-2,nlink-opt-2,opt.15,4,kissat,tabnolim,0.01,0.03,0,,0.392,1,0,1694.0,0,,,0,8602,2761,
nlink-2,nlink-opt-2,opt.15,5,gecode,tabnolim,0.051,0.005,0,,0.215,1,0,4832,0,,,,,,2405
nlink-2,nlink-opt-2,opt.12,4,kissmdd,tab,0.0,0.004,0,,0.184,1,0,668.0,0,,,0,4402,420,
nlink-2,nlink-opt-2,opt.15,3,minion,notab,0.348888,,0,0.347693,0.172,1,0,174171,0,7,0.000264,,,,
nlink-2,nlink-opt-2,opt.12,4,gecode,notab,0.43,,0,,0.159,1,0,44094,0,,,,,,22040
nlink-2,nlink-opt-2,opt.12,5,kissat,tab,0.0,0.006,0,,0.369,1,0,207.0,0,,,0,4540,1464,
nlink-2,nlink-opt-2,opt.15,4,ortools,tab,5.893,0.005,0,,0.227,1,0,,0,,,,,,156
nlink-2,nlink-opt-2,opt.15,2,kissat,tab,0.01,0.028,0,,0.476,1,0,1694.0,0,,,0,8602,2761,
nlink-2,nlink-opt-2,opt.12,1,ortools,notab,0.235,,0,,0.136,1,0,,0,,,,,,2027
nlink-2,nlink-opt-2,opt.12,4,ortools,tab,1.329,0.006,0,,0.268,1,0,,0,,,,,,10
nlink-2,nlink-opt-2,opt.12,2,chuffed,tab,0.011,0.052,0,,0.282,1,0,258,0,,,,,,201
nlink-2,nlink-opt-2,opt.15,1,minion,tab,0.025077,0.007,0,0.022875,0.192,1,0,2435,0,7,0.00013,,,,
nlink-2,nlink-opt-2,opt.12,4,ortools,notab,0.309,,0,,0.189,1,0,,0,,,,,,2027
nlink-2,nlink-opt-2,opt.12,2,kissat,notab,0.08,,0,,0.424,1,0,8500.0,0,,,0,5091,770,
nlink-2,nlink-opt-2,opt.12,2,gecode,tab,0.02,0.005,0,,0.143,1,0,995,0,,,,,,490
nlink-2,nlink-opt-2,opt.15,2,kissmdd,tab,0.01,0.034,0,,0.341,1,0,4497.0,0,,,0,8314,633,
nlink-2,nlink-opt-2,opt.12,1,kissmdd,tab,0.0,0.101,0,,0.592,1,0,668.0,0,,,0,4402,420,
nlink-2,nlink-opt-2,opt.15,4,gecode,notab,1.1,,0,,0.196,1,0,236304,0,,,,,,118143
nlink-2,nlink-opt-2,opt.12,5,chuffed,notab,0.125,,0,,0.201,1,0,2341,0,,,,,,2212
nlink-2,nlink-opt-2,opt.15,2,ortools,notab,0.639,,0,,0.18,1,0,,0,,,,,,2729
nlink-2,nlink-opt-2,opt.15,3,ortools,tabnolim,6.049,0.015,0,,0.174,1,0,,0,,,,,,156
nlink-2,nlink-opt-2,opt.12,2,ortools,tab,1.103,0.006,0,,0.116,1,0,,0,,,,,,10
nlink-2,nlink-opt-2,opt.12,2,ortools,tabnolim,1.357,0.029,0,,0.191,1,0,,0,,,,,,10
nlink-2,nlink-opt-2,opt.15,3,kissat,tabnolim,0.0,0.031,0,,0.349,1,0,1694.0,0,,,0,8602,2761,
nlink-2,nlink-opt-2,opt.12,3,chuffed,notab,0.113,,0,,0.228,1,0,2341,0,,,,,,2212
nlink-2,nlink-opt-2,opt.12,4,minion,notab,0.049017,,0,0.049019,0.088,1,0,28299,0,6,0,,,,
nlink-2,nlink-opt-2,opt.12,5,kissmdd,notab,0.06,,0,,0.418,1,0,7348.0,0,,,0,5091,770,
nlink-2,nlink-opt-2,opt.15,3,kissmdd,tab,0.01,0.041,0,,0.445,1,0,4226.0,0,,,0,8314,633,
nlink-2,nlink-opt-2,opt.12,1,ortools,tab,1.343,0.005,0,,0.249,1,0,,0,,,,,,10
nlink-2,nlink-opt-2,opt.15,5,kissat,tabnolim,0.01,0.034,0,,0.379,1,0,1694.0,0,,,0,8602,2761,
nlink-2,nlink-opt-2,opt.15,4,kissmdd,notab,0.24000000000000002,,0,,0.712,1,0,31436.0,0,,,0,9350,1161,
nlink-2,nlink-opt-2,opt.15,1,kissat,notab,0.25,,0,,0.63,1,0,28854.0,0,,,0,9350,1161,
nlink-2,nlink-opt-2,opt.12,3,minion,notab,0.052284,,0,0.052288,0.23,1,0,28299,0,6,0,,,,
nlink-2,nlink-opt-2,opt.12,4,kissmdd,notab,0.08,,0,,0.416,1,0,9021.0,0,,,0,5091,770,
nlink-2,nlink-opt-2,opt.15,1,chuffed,tabnolim,0.012,0.005,0,,0.186,1,0,383,0,,,,,,285
nlink-2,nlink-opt-2,opt.12,5,chuffed,tab,0.006,0.005,0,,0.111,1,0,258,0,,,,,,201
nlink-2,nlink-opt-2,opt.15,3,kissmdd,tabnolim,0.01,0.032,0,,0.293,1,0,4226.0,0,,,0,8314,633,
nlink-2,nlink-opt-2,opt.12,1,kissmdd,notab,0.08,,0,,0.374,1,0,9137.0,0,,,0,5091,770,
nlink-2,nlink-opt-2,opt.15,2,minion,notab,0.393129,,0,0.3916,0.247,1,0,174171,0,7,0.000352,,,,
nlink-2,nlink-opt-2,opt.15,5,minion,tab,0.031062,0.006,0,0.027707,0.274,1,0,2435,0,7,0.000373,,,,
nlink-2,nlink-opt-2,opt.15,4,ortools,notab,0.406,,0,,0.232,1,0,,0,,,,,,2729
nlink-2,nlink-opt-2,opt.15,1,ortools,tab,5.868,0.005,0,,0.22,1,0,,0,,,,,,156
nlink-2,nlink-opt-2,opt.15,2,kissat,tabnolim,0.0,0.032,0,,0.26,1,0,1694.0,0,,,0,8602,2761,
nlink-2,nlink-opt-2,opt.12,5,chuffed,tabnolim,0.005,0.007,0,,0.103,1,0,258,0,,,,,,201
nlink-2,nlink-opt-2,opt.12,4,chuffed,tabnolim,0.005,0.006,0,,0.12,1,0,258,0,,,,,,201
nlink-5,nlink-opt-5,opt.15,5,gecode,tab,0.197,0.01,0,,0.151,1,0,18445,0,,,,,,9211
nlink-5,nlink-opt-5,opt.15,5,kissat,notab,0.32,,0,,1.296,1,0,36042.0,0,,,0,12274,1766,
nlink-5,nlink-opt-5,opt.12,1,ortools,tabnolim,24.95,0.43,0,,1.048,1,0,,0,,,,,,13
nlink-5,nlink-opt-5,opt.15,3,kissmdd,tab,0.16,0.008,0,,0.995,1,0,28532.0,0,,,0,7276,1696,
nlink-5,nlink-opt-5,opt.15,4,kissmdd,notab,0.23,,0,,0.827,1,0,36862.0,0,,,0,12274,1766,
nlink-5,nlink-opt-5,opt.12,3,minion,notab,0.201067,,0,0.199655,0.278,1,0,33930,0,6,0.000369,,,,
nlink-5,nlink-opt-5,opt.12,2,kissat,notab,0.12,,0,,0.576,1,0,10719.0,0,,,0,6813,1133,
nlink-5,nlink-opt-5,opt.15,2,gecode,notab,0.991,,0,,0.261,1,0,236304,0,,,,,,118143
nlink-5,nlink-opt-5,opt.12,1,kissat,tab,0.03,0.065,0,,0.928,1,0,7744.0,0,,,0,4352,1043,
nlink-5,nlink-opt-5,opt.12,5,gecode,tab,0.14,0.007,0,,0.282,1,0,4036,0,,,,,,2010
nlink-5,nlink-opt-5,opt.15,4,minion,notab,1.12529,,0,1.12401,0.327,1,0,201940,0,7,0.000223,,,,
nlink-5,nlink-opt-5,opt.12,1,kissat,notab,0.1,,0,,0.523,1,0,10056.0,0,,,0,6813,1133,
nlink-5,nlink-opt-5,opt.12,5,chuffed,tabnolim,1.796,0.453,0,,1.2,1,0,54,0,,,,,,17
nlink-5,nlink-opt-5,opt.12,2,chuffed,tab,0.010,0.006,0,,0.311,1,0,299,0,,,,,,248
nlink-5,nlink-opt-5,opt.15,3,minion,notab,1.28051,,0,1.2794,0.334,1,0,201940,0,7,0,,,,
nlink-5,nlink-opt-5,opt.15,4,gecode,tabnolim,11.669,0.91,0,,2.906,1,0,363,0,,,,,,169
nlink-5,nlink-opt-5,opt.15,3,chuffed,notab,1.200,,0,,0.24,1,0,9765,0,,,,,,9417
nlink-5,nlink-opt-5,opt.15,1,kissat,tabnolim,23.359999999999996,0.928,0,,8.831,1,0,452.0,0,,,0,36588796,6098185,
nlink-5,nlink-opt-5,opt.15,1,ortools,notab,0.42,,0,,0.229,1,0,,0,,,,,,3563
nlink-5,nlink-opt-5,opt.12,1,gecode,notab,0.183,,0,,0.219,1,0,44094,0,,,,,,22040
nlink-5,nlink-opt-5,opt.15,1,chuffed,tabnolim,15.567,3.656,0,,9.181,1,0,190,0,,,,,,131
nlink-5,nlink-opt-5,opt.12,2,gecode,notab,0.258,,0,,0.141,1,0,44094,0,,,,,,22040
nlink-5,nlink-opt-5,opt.15,3,kissat,notab,0.25,,0,,0.743,1,0,40272.0,0,,,0,12274,1766,
nlink-5,nlink-opt-5,opt.15,3,kissat,tabnolim,19.22,0.747,0,,7.961,1,0,452.0,0,,,0,36588796,6098185,
nlink-5,nlink-opt-5,opt.15,1,chuffed,tab,0.016,0.005,0,,0.136,1,0,487,0,,,,,,410
nlink-5,nlink-opt-5,opt.15,5,kissat,tabnolim,22.509999999999998,0.944,0,,9.633,1,0,452.0,0,,,0,36588796,6098185,
nlink-5,nlink-opt-5,opt.15,3,ortools,tabnolim,44.48,1.527,0,,3.934,1,0,,0,,,,,,224
nlink-5,nlink-opt-5,opt.15,5,minion,tabnolim,6.6694,1.611,0,0.018994,4.27,1,0,203,0,7,0.759194,,,,
nlink-5,nlink-opt-5,opt.12,3,chuffed,tab,0.006,0.007,0,,0.311,1,0,299,0,,,,,,248
nlink-5,nlink-opt-5,opt.15,4,kissat,tabnolim,19.08,0.793,0,,7.854,1,0,452.0,0,,,0,36588796,6098185,
nlink-5,nlink-opt-5,opt.15,2,kissat,tab,0.22,0.007,0,,0.517,1,0,48477.0,0,,,0,7276,1696,
nlink-5,nlink-opt-5,opt.15,1,minion,notab,1.14511,,0,1.14427,0.429,1,0,201940,0,7,0,,,,
nlink-5,nlink-opt-5,opt.15,4,ortools,tabnolim,32.461,0.988,0,,2.617,1,0,,0,,,,,,224
nlink-5,nlink-opt-5,opt.15,3,kissmdd,notab,0.25,,0,,0.654,1,0,40272.0,0,,,0,12274,1766,
nlink-5,nlink-opt-5,opt.12,3,minion,tabnolim,2.17372,2.406,0,0.002868,5.584,1,0,45,0,6,0.184357,,,,
nlink-5,nlink-opt-5,opt.15,4,kissat,notab,0.23,,0,,0.819,1,0,36862.0,0,,,0,12274,1766,
nlink-5,nlink-opt-5,opt.15,3,kissat,tab,0.15000000000000002,0.007,0,,0.691,1,0,28532.0,0,,,0,7276,1696,
nlink-5,nlink-opt-5,opt.15,4,chuffed,tab,0.018,0.071,0,,0.541,1,0,487,0,,,,,,410
nlink-5,nlink-opt-5,opt.15,2,kissat,notab,0.32,,0,,1.235,1,0,38177.0,0,,,0,12274,1766,
nlink-5,nlink-opt-5,opt.15,2,ortools,tab,2.283,0.007,0,,0.312,1,0,,0,,,,,,115
nlink-5,nlink-opt-5,opt.15,2,gecode,tabnolim,8.291,0.796,0,,2.401,1,0,363,0,,,,,,169
nlink-5,nlink-opt-5,opt.15,1,ortools,tab,4.428,0.025,0,,0.372,1,0,,0,,,,,,115
nlink-5,nlink-opt-5,opt.12,4,chuffed,tabnolim,2.144,0.387,0,,1.153,1,0,54,0,,,,,,17
nlink-5,nlink-opt-5,opt.15,1,ortools,tabnolim,29.718,0.789,0,,2.441,1,0,,0,,,,,,224
nlink-5,nlink-opt-5,opt.12,3,chuffed,notab,0.146,,0,,0.355,1,0,2252,0,,,,,,2141
nlink-5,nlink-opt-5,opt.12,1,kissmdd,notab,0.08,,0,,0.536,1,0,10056.0,0,,,0,6813,1133,
nlink-5,nlink-opt-5,opt.15,2,chuffed,tab,0.016,0.005,0,,0.221,1,0,487,0,,,,,,410
nlink-5,nlink-opt-5,opt.12,3,gecode,tab,3.474,0.016,0,,0.4,1,0,4036,0,,,,,,2010
nlink-5,nlink-opt-5,opt.12,5,minion,notab,0.164744,,0,0.164651,0.172,1,0,33930,0,6,0,,,,
nlink-5,nlink-opt-5,opt.12,3,ortools,tabnolim,24.739,0.415,0,,1.045,1,0,,0,,,,,,13
nlink-5,nlink-opt-5,opt.12,1,chuffed,tabnolim,2.940,0.806,0,,1.822,1,0,54,0,,,,,,17
nlink-5,nlink-opt-5,opt.15,5,kissmdd,notab,0.38,,0,,0.956,1,0,36042.0,0,,,0,12274,1766,
nlink-5,nlink-opt-5,opt.12,5,minion,tab,0.018846,0.007,0,0.017999,0.315,1,0,2030,0,6,6.1e-05,,,,
nlink-5,nlink-opt-5,opt.12,5,kissmdd,tabnolim,1.69,0.932,0,,6.319,1,0,1932.0,0,,,0,3605854,1860,
nlink-5,nlink-opt-5,opt.12,2,ortools,tab,0.728,0.006,0,,0.2,1,0,,0,,,,,,5
nlink-5,nlink-opt-5,opt.15,1,gecode,notab,1.059,,0,,0.244,1,0,236304,0,,,,,,118143
nlink-5,nlink-opt-5,opt.12,1,gecode,tab,0.189,0.105,0,,0.502,1,0,4036,0,,,,,,2010
nlink-5,nlink-opt-5,opt.12,5,chuffed,notab,0.141,,0,,0.29,1,0,2252,0,,,,,,2141
nlink-5,nlink-opt-5,opt.15,4,gecode,notab,2.41,,0,,0.306,1,0,236304,0,,,,,,118143
nlink-5,nlink-opt-5,opt.15,3,chuffed,tab,0.026,0.006,0,,0.245,1,0,487,0,,,,,,410
nlink-5,nlink-opt-5,opt.15,3,gecode,notab,1.095,,0,,0.149,1,0,236304,0,,,,,,118143
nlink-5,nlink-opt-5,opt.12,3,kissmdd,notab,0.14,,0,,0.87,1,0,11269.0,0,,,0,6813,1133,
nlink-5,nlink-opt-5,opt.12,3,ortools,tab,0.81,0.007,0,,0.303,1,0,,0,,,,,,5
nlink-5,nlink-opt-5,opt.12,2,ortools,notab,0.269,,0,,0.251,1,0,,0,,,,,,1768
nlink-5,nlink-opt-5,opt.12,4,ortools,tab,0.796,0.007,0,,0.266,1,0,,0,,,,,,5
nlink-5,nlink-opt-5,opt.12,4,kissmdd,tabnolim,1.76,0.504,0,,4.33,1,0,1932.0,0,,,0,3605854,1860,
nlink-5,nlink-opt-5,opt.12,3,kissat,tabnolim,5.61,0.441,0,,3.555,1,0,1767.0,0,,,0,9013240,1502268,
nlink-5,nlink-opt-5,opt.12,2,chuffed,tabnolim,1.978,0.362,0,,0.952,1,0,54,0,,,,,,17
nlink-5,nlink-opt-5,opt.15,2,ortools,notab,0.61,,0,,0.265,1,0,,0,,,,,,3563
nlink-5,nlink-opt-5,opt.15,1,kissmdd,tab,0.21000000000000002,0.007,0,,0.687,1,0,41257.0,0,,,0,7276,1696,
nlink-5,nlink-opt-5,opt.12,5,kissmdd,tab,0.01,0.019,0,,0.562,1,0,6604.0,0,,,0,4352,1043,
nlink-5,nlink-opt-5,opt.12,3,kissmdd,tabnolim,1.71,1.089,0,,11.035,1,0,1932.0,0,,,0,3605854,1860,
nlink-5,nlink-opt-5,opt.12,2,kissmdd,tabnolim,1.71,0.956,0,,11.449,1,0,1932.0,0,,,0,3605854,1860,
nlink-5,nlink-opt-5,opt.12,5,kissat,notab,0.06999999999999999,,0,,0.594,1,0,8428.0,0,,,0,6813,1133,
nlink-5,nlink-opt-5,opt.15,2,gecode,tab,0.167,0.084,0,,0.264,1,0,18445,0,,,,,,9211
nlink-5,nlink-opt-5,opt.15,1,kissat,notab,0.27,,0,,1.001,1,0,35681.0,0,,,0,12274,1766,
nlink-5,nlink-opt-5,opt.12,4,kissat,tab,0.03,0.033,0,,1.021,1,0,5777.0,0,,,0,4352,1043,
nlink-5,nlink-opt-5,opt.15,3,chuffed,tabnolim,15.988,1.032,0,,2.665,1,0,190,0,,,,,,131
nlink-5,nlink-opt-5,opt.15,1,kissmdd,tabnolim,6.949999999999999,0.96,0,,7.073,1,0,6945.0,0,,,0,14088980,3369,
nlink-5,nlink-opt-5,opt.15,5,chuffed,tab,0.024,0.083,0,,0.602,1,0,487,0,,,,,,410
nlink-5,nlink-opt-5,opt.15,1,chuffed,notab,1.456,,0,,0.397,1,0,9765,0,,,,,,9417
nlink-5,nlink-opt-5,opt.12,1,gecode,tabnolim,1.657,0.421,0,,1.011,1,0,66,0,,,,,,25
nlink-5,nlink-opt-5,opt.15,2,chuffed,notab,1.435,,0,,0.378,1,0,9765,0,,,,,,9417
nlink-5,nlink-opt-5,opt.15,5,chuffed,tabnolim,15.443,2.043,0,,3.864,1,0,190,0,,,,,,131
nlink-5,nlink-opt-5,opt.15,5,ortools,notab,0.404,,0,,0.252,1,0,,0,,,,,,3563
nlink-5,nlink-opt-5,opt.12,1,ortools,notab,0.255,,0,,0.212,1,0,,0,,,,,,1768
nlink-5,nlink-opt-5,opt.12,3,kissmdd,tab,0.02,0.057,0,,0.7,1,0,5739.0,0,,,0,4352,1043,
nlink-5,nlink-opt-5,opt.15,5,ortools,tab,2.248,0.031,0,,0.205,1,0,,0,,,,,,115
nlink-5,nlink-opt-5,opt.12,3,gecode,tabnolim,1.707,0.359,0,,0.98,1,0,66,0,,,,,,25
nlink-5,nlink-opt-5,opt.12,5,minion,tabnolim,1.89913,0.373,0,0.002687,0.827,1,0,45,0,6,0.143065,,,,
nlink-5,nlink-opt-5,opt.12,4,minion,tabnolim,2.08674,0.414,0,0.002946,0.821,1,0,45,0,6,0.178873,,,,
nlink-5,nlink-opt-5,opt.12,2,kissmdd,tab,0.02,0.036,0,,0.737,1,0,6035.0,0,,,0,4352,1043,
nlink-5,nlink-opt-5,opt.12,5,kissmdd,notab,0.06999999999999999,,0,,0.487,1,0,8428.0,0,,,0,6813,1133,
nlink-5,nlink-opt-5,opt.12,2,gecode,tab,0.068,0.028,0,,0.243,1,0,4036,0,,,,,,2010
nlink-5,nlink-opt-5,opt.12,4,kissat,tabnolim,5.95,0.57,0,,3.342,1,0,1767.0,0,,,0,9013240,1502268,
nlink-5,nlink-opt-5,opt.12,1,minion,tabnolim,2.17998,0.338,0,0.002763,0.877,1,0,45,0,6,0.15785,,,,
nlink-5,nlink-opt-5,opt.15,2,kissmdd,notab,0.31,,0,,1.121,1,0,38177.0,0,,,0,12274,1766,
nlink-5,nlink-opt-5,opt.12,1,minion,notab,0.163913,,0,0.163915,0.168,1,0,33930,0,6,0,,,,
nlink-5,nlink-opt-5,opt.12,1,minion,tab,0.016702,0.007,0,0.016069,0.256,1,0,2030,0,6,0.000281,,,,
nlink-5,nlink-opt-5,opt.15,4,minion,tab,0.114536,0.007,0,0.112451,0.268,1,0,9242,0,7,0.000424,,,,
nlink-5,nlink-opt-5,opt.15,4,chuffed,tabnolim,13.816,0.729,0,,2.349,1,0,190,0,,,,,,131
nlink-5,nlink-opt-5,opt.15,5,minion,tab,0.11624,0.147,0,0.113875,0.543,1,0,9242,0,7,0.000187,,,,
nlink-5,nlink-opt-5,opt.15,5,ortools,tabnolim,31.71,0.829,0,,2.48,1,0,,0,,,,,,224
nlink-5,nlink-opt-5,opt.12,4,kissat,notab,0.06999999999999999,,0,,0.603,1,0,8216.0,0,,,0,6813,1133,
nlink-5,nlink-opt-5,opt.12,4,chuffed,notab,0.124,,0,,0.34,1,0,2252,0,,,,,,2141
nlink-5,nlink-opt-5,opt.15,1,gecode,tab,0.25,0.125,0,,0.541,1,0,18445,0,,,,,,9211
nlink-5,nlink-opt-5,opt.15,4,kissat,tab,0.19,0.064,0,,0.749,1,0,33274.0,0,,,0,7276,1696,
nlink-5,nlink-opt-5,opt.15,1,minion,tab,0.103945,0.013,0,0.102809,0.27,1,0,9242,0,7,0,,,,
nlink-5,nlink-opt-5,opt.15,2,minion,tabnolim,6.34242,0.962,0,0.017384,1.629,1,0,203,0,7,0.624647,,,,
nlink-5,nlink-opt-5,opt.15,2,kissat,tabnolim,22.59,0.835,0,,8.894,1,0,452.0,0,,,0,36588796,6098185,
nlink-5,nlink-opt-5,opt.12,2,minion,tab,0.020453,0.148,0,0.017023,0.756,1,0,2030,0,6,0.00058,,,,
nlink-5,nlink-opt-5,opt.12,3,chuffed,tabnolim,1.970,0.423,0,,1.083,1,0,54,0,,,,,,17
nlink-5,nlink-opt-5,opt.12,1,chuffed,tab,0.008,0.022,0,,0.221,1,0,299,0,,,,,,248
nlink-5,nlink-opt-5,opt.12,4,minion,tab,0.016312,0.006,0,0.016273,0.319,1,0,2030,0,6,0,,,,
nlink-5,nlink-opt-5,opt.12,2,chuffed,notab,0.161,,0,,0.889,1,0,2252,0,,,,,,2141
nlink-5,nlink-opt-5,opt.15,2,chuffed,tabnolim,13.881,0.787,0,,2.369,1,0,190,0,,,,,,131
nlink-5,nlink-opt-5,opt.12,4,kissmdd,notab,0.08,,0,,0.516,1,0,8216.0,0,,,0,6813,1133,
nlink-5,nlink-opt-5,opt.15,1,minion,tabnolim,6.19404,0.68,0,0.0184,1.361,1,0,203,0,7,0.667544,,,,
nlink-5,nlink-opt-5,opt.12,1,kissmdd,tabnolim,1.5100000000000002,0.438,0,,3.194,1,0,1932.0,0,,,0,3605854,1860,
nlink-5,nlink-opt-5,opt.15,3,gecode,tabnolim,7.054,0.729,0,,2.291,1,0,363,0,,,,,,169
nlink-5,nlink-opt-5,opt.15,2,minion,notab,1.1268,,0,1.12533,0.232,1,0,201940,0,7,0.000267,,,,
nlink-5,nlink-opt-5,opt.12,3,minion,tab,0.020678,0.075,0,0.018691,0.361,1,0,2030,0,6,0.000353,,,,
nlink-5,nlink-opt-5,opt.15,4,chuffed,notab,1.161,,0,,0.342,1,0,9765,0,,,,,,9417
nlink-5,nlink-opt-5,opt.15,1,gecode,tabnolim,7.4,0.7,0,,2.284,1,0,363,0,,,,,,169
nlink-5,nlink-opt-5,opt.15,2,minion,tab,0.120428,0.028,0,0.119269,0.241,1,0,9242,0,7,0,,,,
nlink-5,nlink-opt-5,opt.12,4,ortools,tabnolim,24.691,0.471,0,,1.215,1,0,,0,,,,,,13
nlink-5,nlink-opt-5,opt.12,3,ortools,notab,0.332,,0,,0.423,1,0,,0,,,,,,1768
nlink-5,nlink-opt-5,opt.15,2,kissmdd,tabnolim,6.859999999999999,0.878,0,,7.078,1,0,8198.0,0,,,0,14088980,3369,
nlink-5,nlink-opt-5,opt.12,2,gecode,tabnolim,2.801,0.428,0,,1.154,1,0,66,0,,,,,,25
nlink-5,nlink-opt-5,opt.15,4,kissmdd,tab,0.24,0.068,0,,1.235,1,0,33274.0,0,,,0,7276,1696,
nlink-5,nlink-opt-5,opt.15,5,minion,notab,1.1327,,0,1.13109,0.269,1,0,201940,0,7,0.000263,,,,
nlink-5,nlink-opt-5,opt.12,5,kissat,tabnolim,4.95,0.41,0,,2.842,1,0,1767.0,0,,,0,9013240,1502268,
nlink-5,nlink-opt-5,opt.12,4,gecode,notab,0.254,,0,,0.542,1,0,44094,0,,,,,,22040
nlink-5,nlink-opt-5,opt.15,4,gecode,tab,0.157,0.055,0,,0.203,1,0,18445,0,,,,,,9211
nlink-5,nlink-opt-5,opt.15,2,ortools,tabnolim,35.364,4.258,0,,9.332,1,0,,0,,,,,,224
nlink-5,nlink-opt-5,opt.12,5,ortools,tabnolim,25.651,0.486,0,,1.182,1,0,,0,,,,,,13
nlink-5,nlink-opt-5,opt.12,2,ortools,tabnolim,24.739,0.35,0,,1.026,1,0,,0,,,,,,13
nlink-5,nlink-opt-5,opt.15,4,kissmdd,tabnolim,6.47,0.892,0,,6.76,1,0,6168.0,0,,,0,14088980,3369,
nlink-5,nlink-opt-5,opt.15,5,gecode,notab,1.138,,0,,0.287,1,0,236304,0,,,,,,118143
nlink-5,nlink-opt-5,opt.12,2,kissmdd,notab,0.12,,0,,0.538,1,0,10719.0,0,,,0,6813,1133,
nlink-5,nlink-opt-5,opt.12,1,chuffed,notab,0.145,,0,,0.315,1,0,2252,0,,,,,,2141
nlink-5,nlink-opt-5,opt.15,3,minion,tabnolim,6.54843,0.832,0,0.019916,1.441,1,0,203,0,7,1.08587,,,,
nlink-5,nlink-opt-5,opt.12,5,gecode,notab,0.255,,0,,0.49,1,0,44094,0,,,,,,22040
nlink-5,nlink-opt-5,opt.15,1,kissat,tab,0.24000000000000002,0.069,0,,0.998,1,0,41257.0,0,,,0,7276,1696,
nlink-5,nlink-opt-5,opt.15,4,minion,tabnolim,6.04967,0.845,0,0.01796,1.515,1,0,203,0,7,0.580518,,,,
nlink-5,nlink-opt-5,opt.15,4,ortools,notab,0.736,,0,,0.4,1,0,,0,,,,,,3563
nlink-5,nlink-opt-5,opt.12,4,gecode,tabnolim,1.655,0.326,0,,0.94,1,0,66,0,,,,,,25
nlink-5,nlink-opt-5,opt.12,4,ortools,notab,0.297,,0,,0.296,1,0,,0,,,,,,1768
nlink-5,nlink-opt-5,opt.12,1,ortools,tab,0.77,0.099,0,,0.461,1,0,,0,,,,,,5
nlink-5,nlink-opt-5,opt.12,3,kissat,notab,0.12,,0,,0.555,1,0,11269.0,0,,,0,6813,1133,
nlink-5,nlink-opt-5,opt.15,3,ortools,tab,1.807,0.006,0,,0.306,1,0,,0,,,,,,115
nlink-5,nlink-opt-5,opt.15,2,kissmdd,tab,0.24000000000000002,0.033,0,,0.888,1,0,48477.0,0,,,0,7276,1696,
nlink-5,nlink-opt-5,opt.12,4,kissmdd,tab,0.02,0.029,0,,0.712,1,0,5777.0,0,,,0,4352,1043,
nlink-5,nlink-opt-5,opt.12,3,kissat,tab,0.01,0.12,0,,1.172,1,0,5739.0,0,,,0,4352,1043,
nlink-5,nlink-opt-5,opt.12,3,gecode,notab,0.35,,0,,0.339,1,0,44094,0,,,,,,22040
nlink-5,nlink-opt-5,opt.15,3,ortools,notab,0.386,,0,,0.219,1,0,,0,,,,,,3563
nlink-5,nlink-opt-5,opt.15,3,minion,tab,0.122851,0.031,0,0.121657,0.334,1,0,9242,0,7,0,,,,
nlink-5,nlink-opt-5,opt.15,3,gecode,tab,0.17,0.089,0,,0.502,1,0,18445,0,,,,,,9211
nlink-5,nlink-opt-5,opt.12,5,chuffed,tab,0.015,0.013,0,,0.451,1,0,299,0,,,,,,248
nlink-5,nlink-opt-5,opt.15,5,kissat,tab,0.3,0.007,0,,0.617,1,0,44714.0,0,,,0,7276,1696,
nlink-5,nlink-opt-5,opt.12,5,ortools,notab,0.198,,0,,0.18,1,0,,0,,,,,,1768
nlink-5,nlink-opt-5,opt.12,4,gecode,tab,0.12,0.008,0,,0.18,1,0,4036,0,,,,,,2010
nlink-5,nlink-opt-5,opt.15,3,kissmdd,tabnolim,6.569999999999999,0.807,0,,6.086,1,0,8276.0,0,,,0,14088980,3369,
nlink-5,nlink-opt-5,opt.15,5,kissmdd,tab,0.33,0.016,0,,1.005,1,0,44714.0,0,,,0,7276,1696,
nlink-5,nlink-opt-5,opt.12,5,gecode,tabnolim,2.287,0.451,0,,1.382,1,0,66,0,,,,,,25
nlink-5,nlink-opt-5,opt.12,5,kissat,tab,0.01,0.055,0,,0.767,1,0,6604.0,0,,,0,4352,1043,
nlink-5,nlink-opt-5,opt.12,2,kissat,tab,0.02,0.033,0,,0.645,1,0,6035.0,0,,,0,4352,1043,
nlink-5,nlink-opt-5,opt.15,5,chuffed,notab,1.578,,0,,0.488,1,0,9765,0,,,,,,9417
nlink-5,nlink-opt-5,opt.12,2,minion,notab,0.192804,,0,0.191362,0.26,1,0,33930,0,6,0.000498,,,,
nlink-5,nlink-opt-5,opt.12,5,ortools,tab,0.597,0.006,0,,0.173,1,0,,0,,,,,,5
nlink-5,nlink-opt-5,opt.12,1,kissmdd,tab,0.03,0.026,0,,0.745,1,0,7744.0,0,,,0,4352,1043,
nlink-5,nlink-opt-5,opt.12,4,minion,notab,0.19295,,0,0.191709,0.249,1,0,33930,0,6,0.000206,,,,
nlink-5,nlink-opt-5,opt.15,1,kissmdd,notab,0.27,,0,,0.946,1,0,35681.0,0,,,0,12274,1766,
nlink-5,nlink-opt-5,opt.12,2,kissat,tabnolim,5.9,2.161,0,,8.693,1,0,1767.0,0,,,0,9013240,1502268,
nlink-5,nlink-opt-5,opt.12,2,minion,tabnolim,1.91316,0.479,0,0.002603,1.03,1,0,45,0,6,0.154335,,,,
nlink-5,nlink-opt-5,opt.15,4,ortools,tab,1.82,0.006,0,,0.207,1,0,,0,,,,,,115
nlink-5,nlink-opt-5,opt.12,1,kissat,tabnolim,5.71,0.806,0,,6.132,1,0,1767.0,0,,,0,9013240,1502268,
nlink-5,nlink-opt-5,opt.12,4,chuffed,tab,0.007,0.005,0,,0.232,1,0,299,0,,,,,,248
nlink-5,nlink-opt-5,opt.15,5,gecode,tabnolim,7.896,3.487,0,,5.365,1,0,363,0,,,,,,169
nlink-5,nlink-opt-5,opt.15,5,kissmdd,tabnolim,6.930000000000001,3.032,0,,21.359,1,0,6128.0,0,,,0,14088980,3369,
nlink-3,nlink-opt-3,opt.12,5,minion,tabnolim,0.011101,0.009,0,0.002404,0.206,1,0,107,0,6,0.000932,,,,
nlink-3,nlink-opt-3,opt.12,4,minion,tab,0.011416,0.031,0,0.002401,0.202,1,0,107,0,6,0.0003,,,,
nlink-3,nlink-opt-3,opt.12,2,kissat,tab,0.04,0.014,0,,0.367,1,0,266.0,0,,,0,47896,11964,
nlink-3,nlink-opt-3,opt.12,4,gecode,notab,0.232,,0,,0.183,1,0,44094,0,,,,,,22040
nlink-3,nlink-opt-3,opt.12,4,chuffed,notab,0.110,,0,,0.236,1,0,2102,0,,,,,,1989
nlink-3,nlink-opt-3,opt.15,3,ortools,tabnolim,1.324,0.014,0,,0.315,1,0,,0,,,,,,140
nlink-3,nlink-opt-3,opt.15,1,kissmdd,notab,0.2,,0,,0.525,1,0,34779.0,0,,,0,9998,1286,
nlink-3,nlink-opt-3,opt.15,4,kissat,tabnolim,0.08,0.014,0,,0.774,1,0,321.0,0,,,0,120411,30057,
nlink-3,nlink-opt-3,opt.15,2,ortools,notab,0.455,,0,,0.206,1,0,,0,,,,,,2894
nlink-3,nlink-opt-3,opt.15,4,gecode,tabnolim,0.734,0.039,0,,0.3,1,0,1136,0,,,,,,557
nlink-3,nlink-opt-3,opt.15,3,kissat,notab,0.18000000000000002,,0,,0.339,1,0,30953.0,0,,,0,9998,1286,
nlink-3,nlink-opt-3,opt.12,1,ortools,tabnolim,10.362,0.026,0,,0.163,1,0,,0,,,,,,10
nlink-3,nlink-opt-3,opt.15,1,kissat,tabnolim,0.08,0.04,0,,0.661,1,0,321.0,0,,,0,120411,30057,
nlink-3,nlink-opt-3,opt.15,4,ortools,tabnolim,1.389,0.016,0,,0.353,1,0,,0,,,,,,140
nlink-3,nlink-opt-3,opt.15,2,kissat,tabnolim,0.08,0.223,0,,2.525,1,0,321.0,0,,,0,120411,30057,
nlink-3,nlink-opt-3,opt.12,2,chuffed,notab,0.109,,0,,0.245,1,0,2102,0,,,,,,1989
nlink-3,nlink-opt-3,opt.12,4,kissat,tab,0.04,0.04,0,,0.468,1,0,266.0,0,,,0,47896,11964,
nlink-3,nlink-opt-3,opt.15,3,kissmdd,tabnolim,0.05,0.019,0,,0.598,1,0,4174.0,0,,,0,76123,1073,
nlink-3,nlink-opt-3,opt.15,5,kissmdd,tabnolim,0.060000000000000005,0.033,0,,0.688,1,0,3849.0,0,,,0,76123,1073,
nlink-3,nlink-opt-3,opt.12,4,chuffed,tab,0.015,0.009,0,,0.281,1,0,91,0,,,,,,50
nlink-3,nlink-opt-3,opt.15,1,ortools,notab,0.483,,0,,0.436,1,0,,0,,,,,,2894
nlink-3,nlink-opt-3,opt.12,5,chuffed,notab,0.119,,0,,0.248,1,0,2102,0,,,,,,1989
nlink-3,nlink-opt-3,opt.12,3,chuffed,tabnolim,0.022,0.015,0,,0.381,1,0,91,0,,,,,,50
nlink-3,nlink-opt-3,opt.12,2,kissat,notab,0.08,,0,,0.288,1,0,9552.0,0,,,0,5486,845,
nlink-3,nlink-opt-3,opt.12,4,kissmdd,tab,0.02,0.033,0,,0.452,1,0,1728.0,0,,,0,31702,678,
nlink-3,nlink-opt-3,opt.15,5,chuffed,tab,0.084,0.028,0,,0.258,1,0,383,0,,,,,,296
nlink-3,nlink-opt-3,opt.15,4,chuffed,tabnolim,0.080,0.014,0,,0.302,1,0,383,0,,,,,,296
nlink-3,nlink-opt-3,opt.12,2,kissmdd,tabnolim,0.03,0.026,0,,0.509,1,0,1728.0,0,,,0,31702,678,
nlink-3,nlink-opt-3,opt.12,2,kissmdd,tab,0.02,0.019,0,,0.377,1,0,1728.0,0,,,0,31702,678,
nlink-3,nlink-opt-3,opt.12,3,ortools,tab,10.35,0.029,0,,0.224,1,0,,0,,,,,,10
nlink-3,nlink-opt-3,opt.15,3,kissat,tabnolim,0.08,0.015,0,,0.506,1,0,321.0,0,,,0,120411,30057,
nlink-3,nlink-opt-3,opt.15,4,ortools,tab,1.759,0.046,0,,0.45,1,0,,0,,,,,,140
nlink-3,nlink-opt-3,opt.12,5,kissmdd,tab,0.04,0.013,0,,0.744,1,0,1728.0,0,,,0,31702,678,
nlink-3,nlink-opt-3,opt.12,1,chuffed,tabnolim,0.018,0.027,0,,0.253,1,0,91,0,,,,,,50
nlink-3,nlink-opt-3,opt.15,5,kissmdd,tab,0.05,0.089,0,,1.061,1,0,3849.0,0,,,0,76123,1073,
nlink-3,nlink-opt-3,opt.12,3,kissat,tabnolim,0.04,0.016,0,,0.425,1,0,266.0,0,,,0,47896,11964,
nlink-3,nlink-opt-3,opt.12,1,ortools,tab,12.172,0.027,0,,0.31,1,0,,0,,,,,,10
nlink-3,nlink-opt-3,opt.12,2,minion,tab,0.01518,0.037,0,0.003414,0.285,1,0,107,0,6,0,,,,
nlink-3,nlink-opt-3,opt.12,1,kissat,tabnolim,0.04,0.026,0,,0.381,1,0,266.0,0,,,0,47896,11964,
nlink-3,nlink-opt-3,opt.15,1,chuffed,tabnolim,0.101,0.033,0,,0.42,1,0,383,0,,,,,,296
nlink-3,nlink-opt-3,opt.12,1,minion,notab,0.155688,,0,0.154626,0.219,1,0,33884,0,6,0.000118,,,,
nlink-3,nlink-opt-3,opt.15,4,minion,notab,0.850728,,0,0.850423,0.196,1,0,202644,0,7,0,,,,
nlink-3,nlink-opt-3,opt.12,3,minion,tab,0.013089,0.009,0,0.002443,0.198,1,0,107,0,6,0.000924,,,,
nlink-3,nlink-opt-3,opt.12,3,ortools,notab,0.212,,0,,0.157,1,0,,0,,,,,,1201
nlink-3,nlink-opt-3,opt.15,1,kissmdd,tabnolim,0.060000000000000005,0.019,0,,0.762,1,0,4026.0,0,,,0,76123,1073,
nlink-3,nlink-opt-3,opt.15,1,kissmdd,tab,0.05,0.015,0,,0.824,1,0,4026.0,0,,,0,76123,1073,
nlink-3,nlink-opt-3,opt.15,5,kissmdd,notab,0.25,,0,,0.295,1,0,39080.0,0,,,0,9998,1286,
nlink-3,nlink-opt-3,opt.12,1,chuffed,tab,0.014,0.019,0,,0.173,1,0,91,0,,,,,,50
nlink-3,nlink-opt-3,opt.12,2,ortools,tab,11.786,0.031,0,,0.274,1,0,,0,,,,,,10
nlink-3,nlink-opt-3,opt.15,2,kissmdd,tab,0.06999999999999999,0.034,0,,0.933,1,0,3915.0,0,,,0,76123,1073,
nlink-3,nlink-opt-3,opt.15,2,kissmdd,notab,0.19,,0,,0.27,1,0,35414.0,0,,,0,9998,1286,
nlink-3,nlink-opt-3,opt.12,4,kissat,notab,0.05,,0,,0.409,1,0,9259.0,0,,,0,5486,845,
nlink-3,nlink-opt-3,opt.12,5,kissat,notab,0.07,,0,,0.341,1,0,10005.0,0,,,0,5486,845,
nlink-3,nlink-opt-3,opt.12,5,ortools,tab,10.605,0.01,0,,0.197,1,0,,0,,,,,,10
nlink-3,nlink-opt-3,opt.12,3,gecode,notab,0.304,,0,,0.39,1,0,44094,0,,,,,,22040
nlink-3,nlink-opt-3,opt.12,5,gecode,tab,0.029,0.013,0,,0.215,1,0,186,0,,,,,,84
nlink-3,nlink-opt-3,opt.12,2,gecode,tab,0.174,0.017,0,,0.228,1,0,186,0,,,,,,84
nlink-3,nlink-opt-3,opt.15,3,minion,notab,1.03186,,0,1.031,0.428,1,0,202644,0,7,0,,,,
nlink-3,nlink-opt-3,opt.12,3,kissmdd,notab,0.05,,0,,0.43,1,0,8866.0,0,,,0,5486,845,
nlink-3,nlink-opt-3,opt.15,3,gecode,tabnolim,0.154,0.015,0,,0.465,1,0,1136,0,,,,,,557
nlink-3,nlink-opt-3,opt.12,1,chuffed,notab,0.120,,0,,0.707,1,0,2102,0,,,,,,1989
nlink-3,nlink-opt-3,opt.12,1,minion,tabnolim,0.015031,0.082,0,0.002746,0.381,1,0,107,0,6,0.001084,,,,
nlink-3,nlink-opt-3,opt.15,5,chuffed,tabnolim,0.097,0.214,0,,0.542,1,0,383,0,,,,,,296
nlink-3,nlink-opt-3,opt.12,3,chuffed,notab,0.130,,0,,0.286,1,0,2102,0,,,,,,1989
nlink-3,nlink-opt-3,opt.12,4,gecode,tabnolim,0.305,0.021,0,,0.412,1,0,186,0,,,,,,84
nlink-3,nlink-opt-3,opt.15,5,ortools,tabnolim,1.219,0.045,0,,0.313,1,0,,0,,,,,,140
nlink-3,nlink-opt-3,opt.12,5,ortools,notab,0.216,,0,,0.239,1,0,,0,,,,,,1201
nlink-3,nlink-opt-3,opt.15,2,gecode,tab,0.116,0.018,0,,0.376,1,0,1136,0,,,,,,557
nlink-3,nlink-opt-3,opt.12,1,gecode,tabnolim,0.024,0.025,0,,0.237,1,0,186,0,,,,,,84
nlink-3,nlink-opt-3,opt.15,5,minion,notab,0.860213,,0,0.859195,0.135,1,0,202644,0,7,0,,,,
nlink-3,nlink-opt-3,opt.15,2,kissat,notab,0.18000000000000002,,0,,0.368,1,0,35414.0,0,,,0,9998,1286,
nlink-3,nlink-opt-3,opt.15,4,gecode,tab,0.069,0.014,0,,0.287,1,0,1136,0,,,,,,557
nlink-3,nlink-opt-3,opt.12,3,minion,tabnolim,0.011559,0.026,0,0.002326,0.169,1,0,107,0,6,0.000997,,,,
nlink-3,nlink-opt-3,opt.12,2,gecode,notab,0.167,,0,,0.168,1,0,44094,0,,,,,,22040
nlink-3,nlink-opt-3,opt.15,3,minion,tabnolim,0.0422,0.042,0,0.020538,0.311,1,0,588,0,7,0.000981,,,,
nlink-3,nlink-opt-3,opt.15,4,chuffed,tab,0.087,0.024,0,,0.277,1,0,383,0,,,,,,296
nlink-3,nlink-opt-3,opt.12,1,ortools,notab,0.307,,0,,0.311,1,0,,0,,,,,,1201
nlink-3,nlink-opt-3,opt.15,1,gecode,notab,1.04,,0,,0.2,1,0,236304,0,,,,,,118143
nlink-3,nlink-opt-3,opt.12,2,gecode,tabnolim,0.146,0.027,0,,0.249,1,0,186,0,,,,,,84
nlink-3,nlink-opt-3,opt.15,2,ortools,tabnolim,4.673,0.045,0,,0.465,1,0,,0,,,,,,140
nlink-3,nlink-opt-3,opt.12,1,kissmdd,tabnolim,0.04,0.026,0,,0.452,1,0,1728.0,0,,,0,31702,678,
nlink-3,nlink-opt-3,opt.15,3,kissmdd,tab,0.060000000000000005,0.021,0,,0.577,1,0,4174.0,0,,,0,76123,1073,
nlink-3,nlink-opt-3,opt.15,3,ortools,notab,0.373,,0,,0.235,1,0,,0,,,,,,2894
nlink-3,nlink-opt-3,opt.12,4,chuffed,tabnolim,0.025,0.024,0,,0.26,1,0,91,0,,,,,,50
nlink-3,nlink-opt-3,opt.15,1,minion,tabnolim,0.0361,0.022,0,0.018122,0.132,1,0,588,0,7,0.001692,,,,
nlink-3,nlink-opt-3,opt.12,2,kissmdd,notab,0.08,,0,,0.363,1,0,9552.0,0,,,0,5486,845,
nlink-3,nlink-opt-3,opt.15,4,kissat,notab,0.31,,0,,0.58,1,0,46084.0,0,,,0,9998,1286,
nlink-3,nlink-opt-3,opt.12,4,kissat,tabnolim,0.04,0.127,0,,1.375,1,0,266.0,0,,,0,47896,11964,
nlink-3,nlink-opt-3,opt.15,1,kissat,notab,0.22,,0,,0.572,1,0,34779.0,0,,,0,9998,1286,
nlink-3,nlink-opt-3,opt.15,3,minion,tab,0.039489,0.136,0,0.018898,0.398,1,0,588,0,7,0.002063,,,,
nlink-3,nlink-opt-3,opt.12,1,minion,tab,0.017749,0.039,0,0.003253,0.307,1,0,107,0,6,0.001294,,,,
nlink-3,nlink-opt-3,opt.15,2,gecode,tabnolim,0.047,0.015,0,,0.297,1,0,1136,0,,,,,,557
nlink-3,nlink-opt-3,opt.12,1,kissmdd,tab,0.02,0.009,0,,0.316,1,0,1728.0,0,,,0,31702,678,
nlink-3,nlink-opt-3,opt.15,2,ortools,tab,1.228,0.028,0,,0.292,1,0,,0,,,,,,140
nlink-3,nlink-opt-3,opt.12,5,kissat,tab,0.04,0.015,0,,0.36,1,0,266.0,0,,,0,47896,11964,
nlink-3,nlink-opt-3,opt.15,2,chuffed,tabnolim,0.079,0.058,0,,0.329,1,0,383,0,,,,,,296
nlink-3,nlink-opt-3,opt.15,2,minion,notab,0.913121,,0,0.911822,0.166,1,0,202644,0,7,0.000358,,,,
nlink-3,nlink-opt-3,opt.12,2,ortools,notab,0.282,,0,,0.531,1,0,,0,,,,,,1201
nlink-3,nlink-opt-3,opt.15,5,kissat,tabnolim,0.08,0.025,0,,0.573,1,0,321.0,0,,,0,120411,30057,
nlink-3,nlink-opt-3,opt.15,4,kissmdd,tab,0.060000000000000005,0.047,0,,0.763,1,0,4099.0,0,,,0,76123,1073,
nlink-3,nlink-opt-3,opt.15,1,chuffed,notab,1.093,,0,,0.301,1,0,9173,0,,,,,,8855
nlink-3,nlink-opt-3,opt.12,4,minion,notab,0.128776,,0,0.128495,0.145,1,0,33884,0,6,0,,,,
nlink-3,nlink-opt-3,opt.12,3,chuffed,tab,0.021,0.029,0,,0.215,1,0,91,0,,,,,,50
nlink-3,nlink-opt-3,opt.15,1,ortools,tabnolim,1.237,0.023,0,,0.279,1,0,,0,,,,,,140
nlink-3,nlink-opt-3,opt.12,3,kissmdd,tabnolim,0.02,0.02,0,,0.524,1,0,1728.0,0,,,0,31702,678,
nlink-3,nlink-opt-3,opt.12,5,chuffed,tab,0.022,0.029,0,,0.203,1,0,91,0,,,,,,50
nlink-3,nlink-opt-3,opt.15,3,kissat,tab,0.08,0.235,0,,2.267,1,0,321.0,0,,,0,120411,30057,
nlink-3,nlink-opt-3,opt.12,4,kissmdd,tabnolim,0.04,0.019,0,,0.567,1,0,1728.0,0,,,0,31702,678,
nlink-3,nlink-opt-3,opt.15,1,minion,notab,1.00932,,0,1.00869,0.307,1,0,202644,0,7,0,,,,
nlink-3,nlink-opt-3,opt.12,3,kissat,notab,0.05,,0,,0.392,1,0,8866.0,0,,,0,5486,845,
nlink-3,nlink-opt-3,opt.15,4,kissmdd,notab,0.27,,0,,0.333,1,0,46084.0,0,,,0,9998,1286,
nlink-3,nlink-opt-3,opt.12,4,ortools,tabnolim,10.52,0.025,0,,0.225,1,0,,0,,,,,,10
nlink-3,nlink-opt-3,opt.12,1,gecode,notab,0.171,,0,,0.151,1,0,44094,0,,,,,,22040
nlink-3,nlink-opt-3,opt.12,2,minion,tabnolim,0.013363,0.032,0,0.002436,0.204,1,0,107,0,6,0.000995,,,,
nlink-3,nlink-opt-3,opt.12,3,kissat,tab,0.04,0.009,0,,0.409,1,0,266.0,0,,,0,47896,11964,
nlink-3,nlink-opt-3,opt.12,3,gecode,tabnolim,0.117,0.034,0,,0.284,1,0,186,0,,,,,,84
nlink-3,nlink-opt-3,opt.12,5,ortools,tabnolim,12.491,0.028,0,,0.3,1,0,,0,,,,,,10
nlink-3,nlink-opt-3,opt.15,3,kissmdd,notab,0.18000000000000002,,0,,0.345,1,0,30953.0,0,,,0,9998,1286,
nlink-3,nlink-opt-3,opt.12,5,kissat,tabnolim,0.04,0.017,0,,0.589,1,0,266.0,0,,,0,47896,11964,
nlink-3,nlink-opt-3,opt.15,1,chuffed,tab,0.088,0.035,0,,0.368,1,0,383,0,,,,,,296
nlink-3,nlink-opt-3,opt.12,3,kissmdd,tab,0.02,0.026,0,,0.346,1,0,1728.0,0,,,0,31702,678,
nlink-3,nlink-opt-3,opt.12,1,kissat,tab,0.04,0.019,0,,0.416,1,0,266.0,0,,,0,47896,11964,
nlink-3,nlink-opt-3,opt.15,4,ortools,notab,0.56,,0,,0.351,1,0,,0,,,,,,2894
nlink-3,nlink-opt-3,opt.12,5,kissmdd,tabnolim,0.04,0.024,0,,0.445,1,0,1728.0,0,,,0,31702,678,
nlink-3,nlink-opt-3,opt.15,4,minion,tabnolim,0.041282,0.334,0,0.019054,0.861,1,0,588,0,7,0.001141,,,,
nlink-3,nlink-opt-3,opt.12,1,kissmdd,notab,0.05,,0,,0.253,1,0,10128.0,0,,,0,5486,845,
nlink-3,nlink-opt-3,opt.15,2,gecode,notab,1.139,,0,,0.288,1,0,236304,0,,,,,,118143
nlink-3,nlink-opt-3,opt.12,5,gecode,tabnolim,0.151,0.086,0,,0.433,1,0,186,0,,,,,,84
nlink-3,nlink-opt-3,opt.12,3,minion,notab,0.129019,,0,0.127809,0.141,1,0,33884,0,6,0.000289,,,,
nlink-3,nlink-opt-3,opt.15,5,kissat,tab,0.08,0.03,0,,0.714,1,0,321.0,0,,,0,120411,30057,
nlink-3,nlink-opt-3,opt.12,5,kissmdd,notab,0.09,,0,,0.519,1,0,10005.0,0,,,0,5486,845,
nlink-3,nlink-opt-3,opt.15,3,chuffed,tab,0.084,0.02,0,,0.236,1,0,383,0,,,,,,296
nlink-3,nlink-opt-3,opt.15,5,minion,tab,0.038578,0.166,0,0.017063,0.588,1,0,588,0,7,0.002189,,,,
nlink-3,nlink-opt-3,opt.12,3,gecode,tab,0.11,0.029,0,,0.348,1,0,186,0,,,,,,84
nlink-3,nlink-opt-3,opt.12,4,ortools,tab,11.109,0.043,0,,0.276,1,0,,0,,,,,,10
nlink-3,nlink-opt-3,opt.15,5,ortools,tab,1.189,0.014,0,,0.295,1,0,,0,,,,,,140
nlink-3,nlink-opt-3,opt.15,4,gecode,notab,0.956,,0,,0.184,1,0,236304,0,,,,,,118143
nlink-3,nlink-opt-3,opt.12,2,minion,notab,0.128618,,0,0.128621,0.191,1,0,33884,0,6,0,,,,
nlink-3,nlink-opt-3,opt.15,4,kissmdd,tabnolim,0.05,0.033,0,,0.576,1,0,4099.0,0,,,0,76123,1073,
nlink-3,nlink-opt-3,opt.15,3,gecode,tab,0.068,0.024,0,,0.293,1,0,1136,0,,,,,,557
nlink-3,nlink-opt-3,opt.15,5,chuffed,notab,1.062,,0,,0.236,1,0,9173,0,,,,,,8855
nlink-3,nlink-opt-3,opt.15,4,minion,tab,0.043099,0.04,0,0.021148,0.417,1,0,588,0,7,0,,,,
nlink-3,nlink-opt-3,opt.12,1,kissat,notab,0.05,,0,,0.376,1,0,10128.0,0,,,0,5486,845,
nlink-3,nlink-opt-3,opt.15,2,kissat,tab,0.08,0.218,0,,1.82,1,0,321.0,0,,,0,120411,30057,
nlink-3,nlink-opt-3,opt.12,5,chuffed,tabnolim,0.018,0.033,0,,0.215,1,0,91,0,,,,,,50
nlink-3,nlink-opt-3,opt.15,5,minion,tabnolim,0.037297,0.025,0,0.017523,0.315,1,0,588,0,7,0.001806,,,,
nlink-3,nlink-opt-3,opt.15,4,kissat,tab,0.08,0.037,0,,0.896,1,0,321.0,0,,,0,120411,30057,
nlink-3,nlink-opt-3,opt.12,5,minion,tab,0.015591,0.03,0,0.002677,0.309,1,0,107,0,6,0.001125,,,,
nlink-3,nlink-opt-3,opt.15,2,minion,tabnolim,0.04828,0.058,0,0.023912,0.417,1,0,588,0,7,0.000201,,,,
nlink-3,nlink-opt-3,opt.12,4,ortools,notab,2.674,,0,,0.295,1,0,,0,,,,,,1201
nlink-3,nlink-opt-3,opt.12,4,minion,tabnolim,0.014364,0.048,0,0.001679,0.325,1,0,107,0,6,0.001171,,,,
nlink-3,nlink-opt-3,opt.15,5,ortools,notab,0.371,,0,,0.204,1,0,,0,,,,,,2894
nlink-3,nlink-opt-3,opt.12,1,gecode,tab,0.216,0.18,0,,0.621,1,0,186,0,,,,,,84
nlink-3,nlink-opt-3,opt.15,2,kissmdd,tabnolim,0.060000000000000005,0.02,0,,0.94,1,0,3915.0,0,,,0,76123,1073,
nlink-3,nlink-opt-3,opt.15,2,chuffed,notab,1.022,,0,,0.315,1,0,9173,0,,,,,,8855
nlink-3,nlink-opt-3,opt.12,5,minion,notab,0.12855,,0,0.127958,0.16,1,0,33884,0,6,0,,,,
nlink-3,nlink-opt-3,opt.15,5,kissat,notab,0.28,,0,,0.724,1,0,39080.0,0,,,0,9998,1286,
nlink-3,nlink-opt-3,opt.15,5,gecode,tab,0.102,0.039,0,,0.335,1,0,1136,0,,,,,,557
nlink-3,nlink-opt-3,opt.12,5,gecode,notab,0.176,,0,,0.209,1,0,44094,0,,,,,,22040
nlink-3,nlink-opt-3,opt.15,3,ortools,tab,1.484,0.046,0,,0.366,1,0,,0,,,,,,140
nlink-3,nlink-opt-3,opt.15,5,gecode,notab,1.612,,0,,0.325,1,0,236304,0,,,,,,118143
nlink-3,nlink-opt-3,opt.12,2,kissat,tabnolim,0.04,0.082,0,,0.527,1,0,266.0,0,,,0,47896,11964,
nlink-3,nlink-opt-3,opt.15,3,gecode,notab,1.117,,0,,0.279,1,0,236304,0,,,,,,118143
nlink-3,nlink-opt-3,opt.15,1,gecode,tabnolim,0.055,0.016,0,,0.332,1,0,1136,0,,,,,,557
nlink-3,nlink-opt-3,opt.15,5,gecode,tabnolim,0.201,0.022,0,,0.388,1,0,1136,0,,,,,,557
nlink-3,nlink-opt-3,opt.15,3,chuffed,tabnolim,0.091,0.269,0,,0.932,1,0,383,0,,,,,,296
nlink-3,nlink-opt-3,opt.12,2,chuffed,tabnolim,0.023,0.026,0,,0.216,1,0,91,0,,,,,,50
nlink-3,nlink-opt-3,opt.15,2,minion,tab,0.035538,0.025,0,0.016946,0.162,1,0,588,0,7,0.001796,,,,
nlink-3,nlink-opt-3,opt.15,1,minion,tab,0.043799,0.06,0,0.020665,0.473,1,0,588,0,7,0.00121,,,,
nlink-3,nlink-opt-3,opt.15,3,chuffed,notab,1.074,,0,,0.345,1,0,9173,0,,,,,,8855
nlink-3,nlink-opt-3,opt.15,1,kissat,tab,0.09000000000000001,0.026,0,,0.814,1,0,321.0,0,,,0,120411,30057,
nlink-3,nlink-opt-3,opt.12,3,ortools,tabnolim,10.817,0.026,0,,0.188,1,0,,0,,,,,,10
nlink-3,nlink-opt-3,opt.12,2,chuffed,tab,0.024,0.029,0,,0.438,1,0,91,0,,,,,,50
nlink-3,nlink-opt-3,opt.15,4,chuffed,notab,1.222,,0,,0.424,1,0,9173,0,,,,,,8855
nlink-3,nlink-opt-3,opt.15,2,chuffed,tab,0.084,0.034,0,,0.428,1,0,383,0,,,,,,296
nlink-3,nlink-opt-3,opt.12,2,ortools,tabnolim,10.377,0.017,0,,0.253,1,0,,0,,,,,,10
nlink-3,nlink-opt-3,opt.15,1,ortools,tab,1.219,0.014,0,,0.301,1,0,,0,,,,,,140
nlink-3,nlink-opt-3,opt.15,1,gecode,tab,0.155,0.217,0,,0.91,1,0,1136,0,,,,,,557
nlink-3,nlink-opt-3,opt.12,4,kissmdd,notab,0.07,,0,,0.64,1,0,9259.0,0,,,0,5486,845,
nlink-3,nlink-opt-3,opt.12,4,gecode,tab,0.072,0.009,0,,0.569,1,0,186,0,,,,,,84
